ModelID	MSIScore	LoHFraction	WGD	CIN	Ploidy	Aneuploidy
ACH-000839	3.68	0.107442983578596	1.0	0.502634318247591	3.15829106158172	20.0
ACH-000041	2.21	0.130088744871113	1.0	0.523865467657356	3.23608901214141	19.0
ACH-002046	2.87	0.222341737599453	1.0	0.679771894583716	3.32671456873659	30.0
ACH-002048	2.48					
ACH-000042	2.07					
ACH-001669	66.49	0.0616815500528704	0.0	0.215905514507665	2.14794446417602	6.0
ACH-001300	1.66	0.017485330570052	0.0	0.224172774117812	2.20607247427065	9.0
ACH-001574	2.66	0.0151265946796863	0.0	0.190192211514025	2.15854290039404	6.0
ACH-000332	2.96	0.250913618145005	1.0	0.722421513093282	3.6032803094274	31.0
ACH-000832	1.28					
ACH-001147	4.76	0.209899584571484	0.0	0.352976423929394	2.14551722782478	7.0
ACH-002074	2.19	0.438501956793133	1.0	0.569840073880441	2.62598133770953	27.0
ACH-001111	2.39	0.0344723957661105	1.0	0.467391023694339	3.62921239223873	28.0
ACH-001057	2.49	0.0737484269152537	0.0	0.215783016038533	2.08879456905962	6.0
ACH-001691	2.66					
ACH-000281	3.09	0.211529663481071	1.0	0.633385424148328	3.46527167416162	23.0
ACH-002922	2.0	0.196946151212414	1.0	0.524800517850251	3.89855430795317	15.0
ACH-000699	2.68					
ACH-000943	90.46	0.0100110765574463	1.0	0.179433387629839	4.50499849667952	36.0
ACH-002471	2.23					
ACH-002490	2.62	0.464890455613473	1.0	0.698414166399167	2.57106257711586	26.0
ACH-000005	0.87	0.339925462995404	1.0	0.48491703423138	2.82663314964444	20.0
ACH-002789	2.47	0.0101985461344498	1.0	0.465130074960759	3.67094962638942	19.0
ACH-001684	2.21	0.0104021816241977	0.0	0.0713914912304369	2.05304628841582	2.0
ACH-003101	2.15	0.0216371971647654	0.0	0.0617477138695421	2.313866915953	1.0
ACH-000833	2.08	0.0769625824029473	1.0	0.550358258969594	3.61520907455303	29.0
ACH-002675	2.33	0.0347067611848414	0.0	0.456529980388166	2.70269104038885	18.0
ACH-000811	24.59					
ACH-000473	1.21					
ACH-000035	0.7	0.629599226985043	1.0	0.516663963695035	2.19511315282739	9.0
ACH-001949	2.31					
ACH-001509	1.78	0.0475369939683234	1.0	0.52892192000977	3.71701228944231	28.0
ACH-002800	2.38	0.324558554086243	1.0	0.711777850552209	3.90089822792482	24.0
ACH-000001	1.67	0.173789349894003	1.0	0.649593858251448	3.80648817322323	23.0
ACH-000967	90.86					
ACH-000494	1.76	0.0138187802392662	0.0	0.0149281694631304	1.99700882522009	0.0
ACH-000324	2.83					
ACH-000784	2.07	0.511337178974751	1.0	0.681036609460937	2.97286368105331	20.0
ACH-000250	2.95	0.268534659769485	1.0	0.618428085102485	3.25052134037945	26.0
ACH-001696	2.55	0.233716197468687	1.0	0.669698902803956	3.10240175918314	24.0
ACH-003283	1.85	0.0008963580498327	0.0	0.0008963727732584	1.99914594951048	0.0
ACH-000780	0.65					
ACH-000493	1.64	0.175172178229395	1.0	0.819957685568947	4.45366813618149	23.0
ACH-000822	1.66					
ACH-000735	2.08	0.242463466942001	0.0	0.399640126696893	2.17943486578167	10.0
ACH-002035	2.38	0.352123238250431	1.0	0.690101292839052	2.67840330838277	25.0
ACH-000361	0.87	0.25204949316948	1.0	0.749941700599502	4.61908824727153	25.0
ACH-001398	2.65	0.319049159894401	1.0	0.484828962549768	3.03395633328881	13.0
ACH-000535	2.17	0.302329582305479	1.0	0.757832212776524	3.99761446899011	34.0
ACH-000117	2.17	0.280133473677046	1.0	0.614002473060986	3.51446755689069	31.0
ACH-000378	1.99	0.323887473479145	1.0	0.741937347275692	3.43764761958485	18.0
ACH-001814	2.49	0.262480062512918	1.0	0.635681544199994	3.43260433731478	20.0
ACH-000616	0.72					
ACH-000525	0.8	0.474598175976167	0.0	0.598909746053575	1.90307065915482	14.0
ACH-000950	88.59					
ACH-000682	2.26	0.259611344676743	1.0	0.692422434320755	3.91066451235178	24.0
ACH-001393	2.89					
ACH-000233	1.73	0.0174250355118321	1.0	0.362605902570714	3.41738516381196	15.0
ACH-000653	2.33	0.288970989685044	1.0	0.633802919605561	2.99435457462895	22.0
ACH-000913	0.62					
ACH-002689	1.44	0.465483934619242	1.0	0.695818739129901	2.72972266932448	30.0
ACH-000510	1.09	0.421248516785279	1.0	0.769020754322578	3.35949366229628	22.0
ACH-000483	2.2	0.196987499929048	1.0	0.530742153436723	3.38417690348608	19.0
ACH-001210	2.72	0.0242537357464543	0.0	0.126913324055698	2.18145714348737	2.0
ACH-000479	2.07					
ACH-000438	2.86					
ACH-001430	2.0	0.175281723556808	0.0	0.502733830803149	2.37806305386851	14.0
ACH-000869	2.42	0.348271838953203	1.0	0.715871703163449	4.39862267667668	36.0
ACH-000486	2.15	0.0603225592175003	1.0	0.392658479084384	3.45785688048332	14.0
ACH-000856	53.99					
ACH-000344	3.03	0.573549230303436	1.0	0.4906439961454	2.95979656968492	32.0
ACH-001677	2.14	0.231356042182366	0.0	0.307903231223378	2.13135607205761	5.0
ACH-000054	2.07	0.0017710476701656	0.0	0.0538216344905667	2.04758822960288	1.0
ACH-001307	2.37	0.287302278546677	1.0	0.680331808846134	4.43590437506177	25.0
ACH-000955	88.91					
ACH-000669	1.09	0.347980716675193	1.0	0.747270384688124	3.10357351095679	21.0
ACH-000537	2.41	0.324545536191814	1.0	0.540840153218821	2.36291830398538	15.0
ACH-000232	1.53	0.262951028983455	1.0	0.608446944115124	2.9060601556767	17.0
ACH-002531	2.56					
ACH-001492	2.14	0.0192383071452373	0.0	0.108936692027689	2.09811504940349	6.0
ACH-000817	2.9	0.385032070863905	1.0	0.69268689133826	2.98653211513889	26.0
ACH-002669	2.24					
ACH-000693	1.92	0.481143409088302	1.0	0.707470748354898	2.84521289245839	25.0
ACH-001547	1.86	0.110165024202462	1.0	0.143602051444925	4.0774367042515	3.0
ACH-002801	2.11					
ACH-000420	1.4	0.233458259625705	0.0	0.633665808292152	2.51067663905147	29.0
ACH-000814	2.03	0.116918452015685	1.0	0.334140888932616	4.21068456523286	12.0
ACH-000280	2.76	0.28591907296643	1.0	0.581240465465164	3.19984291336786	21.0
ACH-000403	1.17	0.27875309484318	1.0	0.656434449088003	3.07665630846565	23.0
ACH-002785	3.36	0.424140435273012	1.0	0.730603826984102	3.04517364267148	26.0
ACH-000376	1.06	0.156780672710525	1.0	0.376426991814151	3.30857456878699	14.0
ACH-002002	2.49	0.332093500341439	1.0	0.549177775808889	2.77938134895794	14.0
ACH-001428	2.21	0.685352736287413	1.0	0.332822594506152	2.56520346050773	34.0
ACH-000061	2.27	0.105114568104579	0.0	0.248935562865297	2.3276312964609	5.0
ACH-000907	54.66	0.0335563361504774	1.0	0.440603063355999	3.31352295015531	15.0
ACH-001683	2.2					
ACH-001278	1.73	0.0219614907010549	0.0	0.0299446279547726	2.11013093130411	0.0
ACH-000694	2.58	0.393368538353704	1.0	0.652599740831924	3.60518950755911	27.0
ACH-002687	2.09	0.15159072390408	1.0	0.475204071118305	3.20392918055425	16.0
ACH-000703	1.27	0.323446621121308	1.0	0.524705462033544	3.57832470532585	19.0
ACH-001560	1.84	0.235218392465601	1.0	0.763700376574185	4.90358964226854	33.0
ACH-003191	2.2					
ACH-000654	4.77	0.0770035154342484	0.0	0.120103664755938	2.03015916580774	4.0
ACH-002847	1.93	0.112676160488773	1.0	0.585692754345638	4.03008714357572	30.0
ACH-000249	2.66	0.21560501621961	0.0	0.290440636379685	2.01858921802418	8.0
ACH-001993	2.71	0.714156289369698	1.0	0.0820695876555873	3.37075499713725	4.0
ACH-000076	3.45	0.757794877433139	1.0	0.280899120503041	2.39995123569698	9.0
ACH-001096	2.25	0.0359552318244544	0.0	0.138735202593006	2.28460949593156	4.0
ACH-003183	2.27					
ACH-002925	2.3	0.0574206506839114	1.0	0.636606580030076	3.772738676395	24.0
ACH-000827	2.25	0.114799515603351	1.0	0.309155430627734	4.73883310370438	39.0
ACH-002038	3.94	0.366741958825718	1.0	0.840944729083091	4.469202862625	27.0
ACH-002716	3.15	0.0641474683424678	0.0	0.166507520167223	2.34962365493548	4.0
ACH-000086	2.25	0.603468386703046	1.0	0.575136505558627	4.02285596825737	22.0
ACH-000871	0.92	0.194700496309982	1.0	0.687543127359462	4.4640847526213	32.0
ACH-000681	0.42	0.25808754354338	1.0	0.497971275746134	2.90674308060044	15.0
ACH-002946	2.36	0.0887815542756917	0.0	0.152728044343144	2.28270273372808	5.0
ACH-000704	1.67	0.0871601337338562	1.0	0.688950156347315	4.02267144744237	25.0
ACH-002005	2.38	0.393073208351456	1.0	0.7765876955001	4.69936747555049	29.0
ACH-000195	2.78					
ACH-000530	1.46	0.302224414720914	1.0	0.609100174764176	3.05577809564965	21.0
ACH-001031	2.67	0.0240093571803782	0.0	0.0286216094770067	2.07735122802783	1.0
ACH-000450	3.1					
ACH-000985	88.71	0.0383322711830373	1.0	0.529147383980772	3.92293150173236	24.0
ACH-000627	2.46	0.314437651047337	1.0	0.58205474451528	3.25562268603608	15.0
ACH-001106	3.2	0.0147636158250605	0.0	0.0188783901625431	2.10483492083166	0.0
ACH-002928	1.12					
ACH-000090	0.95	0.374461154800242	1.0	0.696231609060608	3.50597883781517	29.0
ACH-000317	2.99					
ACH-000200	2.38	0.454004092644042	1.0	0.585178357120955	2.26642478430054	8.0
ACH-000356	2.26					
ACH-000017	1.63					
ACH-001283	2.45	0.0874194933927142	0.0	0.282670470687846	2.16959826817903	10.0
ACH-000302	2.57	0.355549634966498	1.0	0.782231138763074	3.97210179352784	30.0
ACH-000101	1.47	0.0823902535861586	0.0	0.126737771783096	2.04941079313101	2.0
ACH-000547	2.27	0.104535314292026	1.0	0.591539405024724	3.3936030521038	21.0
ACH-002033	2.66	0.293003396333374	0.0	0.417865197275658	1.9499166787914	10.0
ACH-001519	2.06	0.0221703108394715	0.0	0.026690450700207	2.09643861491348	0.0
ACH-000018	0.69	0.233483166809459	1.0	0.655127174503411	3.75756554436214	26.0
ACH-000601	1.63					
ACH-001953	1.95	0.284000351665938	1.0	0.80569872739343	4.16205203712434	30.0
ACH-001974	1.67	0.185149318051587	1.0	0.658467386771056	4.12763302104271	35.0
ACH-000796	2.32	0.0694513152256045	1.0	0.743286993369044	4.782316205654	31.0
ACH-003308	3.93	0.0232942510412111	1.0	0.214167995623991	4.19549618653524	10.0
ACH-000203	2.45	0.0351241183884863	0.0	0.0824312243402793	2.33116662618421	2.0
ACH-000217	1.71	0.277433168764038	1.0	0.596231574198219	3.43193291851279	18.0
ACH-001508	2.21	0.235245992008002	1.0	0.576697896784631	3.36671447606012	23.0
ACH-000307	2.81	0.247362297218268	1.0	0.585653077038787	3.30976762148819	30.0
ACH-000776	1.43					
ACH-000662	2.18	0.399005798905235	1.0	0.633241565665585	3.48046585529523	13.0
ACH-000075	0.73					
ACH-000901	4.0					
ACH-002062	2.35	0.0438100502920015	1.0	0.544551567782403	3.68878116293286	23.0
ACH-000632	1.14	0.397537905819279	1.0	0.525584599242462	2.7560730014913	17.0
ACH-000077	2.36	0.0028900325605014	0.0	0.0309510232144463	2.02662085099226	1.0
ACH-000709	2.0	0.0909567741802513	0.0	0.49305777225199	2.6957748224918	22.0
ACH-000552	1.3	0.0458478309784334	1.0	0.434574485494368	3.31412508314543	19.0
ACH-002291	2.36	0.348135196566199	1.0	0.619049753006731	2.72790889460746	23.0
ACH-000678	2.53	0.583988930750704	1.0	0.722934837503854	3.35378903467104	20.0
ACH-000362	3.06	0.0031121812811974	0.0	0.187370130533449	2.26349880015826	9.0
ACH-000500	2.24					
ACH-000659	1.29					
ACH-000729	2.75					
ACH-000039	2.22	0.207749858413021	0.0	0.318093338727325	2.33810722821164	9.0
ACH-001054	1.79	0.134666976725789	1.0	0.386195857633936	3.60845993102055	33.0
ACH-000674	1.74	0.0788613312424775	1.0	0.460828990901016	4.02369155192918	38.0
ACH-000399	0.59					
ACH-000244	2.0	0.112776763251901	0.0	0.20848528516281	2.01583320790759	8.0
ACH-000207	1.16	0.332374778794749	1.0	0.710577070622066	3.11582817948935	21.0
ACH-000319	2.23	0.388913357984032	1.0	0.677437097361816	2.41022750500601	14.0
ACH-002654	2.18	0.288503972396045	1.0	0.771764689496921	3.98781541930844	23.0
ACH-001274	1.42					
ACH-000085	2.86	0.433911672883455	1.0	0.715653048115695	2.87430888230676	25.0
ACH-002036	2.75	0.331694712216626	1.0	0.666578447237592	3.31915623150296	25.0
ACH-000514	0.84	0.231855032648796	1.0	0.678522350462189	2.94981440244904	23.0
ACH-000673	2.58	0.29702144131115	1.0	0.768532136403799	4.08449089960892	26.0
ACH-001099	2.29	0.0223639652248165	0.0	0.0279740219543262	2.1064819243758	0.0
ACH-000127	1.95	0.393247254999809	1.0	0.668651398142552	4.17234132479023	16.0
ACH-002458	2.17					
ACH-000958	84.58					
ACH-000713	1.5					
ACH-000799	2.31	0.450737866564165	1.0	0.636970647509241	2.62848358135867	25.0
ACH-001164	1.88	0.0056671625033116	0.0	0.0118031536733753	2.04751770586786	0.0
ACH-002040	3.36	0.404324032518246	1.0	0.689745995720645	2.99825088106672	22.0
ACH-000331	1.87	0.247792897531058	1.0	0.401984674878142	3.88835002058773	8.0
ACH-000435	3.01	0.254750628922946	1.0	0.696130968139573	3.68901389848149	28.0
ACH-001075	4.02	0.0733774295806316	0.0	0.21159633775923	2.16571745583424	8.0
ACH-000142	2.19	0.156391694653891	1.0	0.57553033337191	3.01742734847423	21.0
ACH-000843	1.98	0.349049561192266	1.0	0.666139788235504	2.96023900914156	21.0
ACH-001196	1.99	0.266608807666088	1.0	0.700741437507681	3.09475865050085	26.0
ACH-000551	2.53					
ACH-000975	1.98	0.182084154436088	1.0	0.757130783952005	3.90257485735857	26.0
ACH-001533	1.69					
ACH-000971	89.11					
ACH-002004	2.24	0.254833254916439	1.0	0.552685545484826	3.42975916073842	19.0
ACH-000257	0.47	0.289956714734852	1.0	0.590375662577653	3.35913098426024	31.0
ACH-000595	2.22	0.244682439878342	1.0	0.706537492845492	3.83760063325414	25.0
ACH-000820	1.86	0.192722439316595	1.0	0.429945877742474	3.10033332648295	17.0
ACH-002500	1.96					
ACH-000191	2.39					
ACH-000581	1.56					
ACH-000097	2.06	0.256788099185837	1.0	0.533684040401164	3.5474996539093	34.0
ACH-000982	90.28					
ACH-002512	1.82	0.239841546762717	1.0	0.638553830114699	3.5355708481848	27.0
ACH-003305	1.84	0.0101840782552116	0.0	0.0799093095641887	2.18203230566061	3.0
ACH-000068	1.54					
ACH-000196	1.6	0.295719676824158	1.0	0.82489701679871	4.45642764306765	25.0
ACH-000475	3.09	0.21277373212055	1.0	0.544011921596836	3.00980977595373	19.0
ACH-000582	1.97	0.209159855072735	1.0	0.665063508381762	4.06108668935887	21.0
ACH-001765	2.24	0.173428560675568	1.0	0.803518561897455	4.6583764610888	29.0
ACH-001622	2.41	0.228625947069413	1.0	0.479531540916908	2.85155852431243	19.0
ACH-000712	2.15	0.347906854041961	1.0	0.704778467627264	3.26552507454197	26.0
ACH-000912	1.04	0.365949324454781	0.0	0.4263996599322	1.98975657677419	9.0
ACH-000251	2.57	0.319661604328138	1.0	0.813075717963316	4.54619848254068	33.0
ACH-002886	82.96					
ACH-000316	2.05	0.0874343745485852	0.0	0.131417909148872	1.94784668173965	7.0
ACH-002703	2.7					
ACH-000345	2.12	0.0454343693351891	0.0	0.0830444018404657	2.17578072158214	3.0
ACH-000634	1.6	0.143151952563863	1.0	0.53136183901116	3.53773706131287	30.0
ACH-000655	2.2	0.365246965787181	1.0	0.57430336876905	2.6472921363913	23.0
ACH-000783	1.41	0.180619117006439	1.0	0.519011239681794	3.93780195014801	17.0
ACH-000152	2.04	0.219778302862911	1.0	0.79647881236846	4.02142190425893	25.0
ACH-000888	1.64	0.121345263691564	1.0	0.61589644394754	3.47184766390608	22.0
ACH-000769	2.02	0.648428802785499	1.0	0.553587491316802	3.01830721871871	22.0
ACH-002042	2.45	0.148739319258047	1.0	0.649015180834616	3.56659246277185	26.0
ACH-001132	2.78	0.0229415454655866	1.0	0.24144111917591	4.26881120001289	10.0
ACH-000012	1.67	0.573863892047947	1.0	0.642095099045523	2.97585577798584	20.0
ACH-002178	2.98					
ACH-001591	2.47	0.204005365124053	1.0	0.636806727769434	3.44289327716722	27.0
ACH-000325	3.5	0.0402840164638805	1.0	0.334927562101695	4.60632913304408	36.0
ACH-000746	2.86					
ACH-001130	3.07	0.117813092492862	0.0	0.156822134851494	2.2650779555862	5.0
ACH-000291	1.9					
ACH-002695	2.4	0.33780470650968	1.0	0.659637998183934	3.48381094869775	16.0
ACH-000770	40.89	0.0621005732836071	0.0	0.152164866906412	2.10869557541688	5.0
ACH-000836	2.9	0.244556376490588	1.0	0.513250060328485	3.04852857619611	17.0
ACH-000959	90.42	0.0386112158601431	0.0	0.0392161257600034	1.99174433442119	0.0
ACH-002025	2.55					
ACH-001318	3.5	0.322773141556739	1.0	0.500608789946611	2.74390360815942	19.0
ACH-002027	59.91	0.0589784617679525	0.0	0.0995235602979148	2.11291927523018	1.0
ACH-002927	2.22	0.0873402270711628	1.0	0.512140306816946	4.24749865438085	14.0
ACH-000363	2.39	0.157635322527253	0.0	0.241969838329709	2.11399081120769	9.0
ACH-000541	2.45	0.211508192969814	1.0	0.70658033354207	4.89705591920457	24.0
ACH-001715	3.47	0.472207883543376	1.0	0.593389688003268	3.81149234287648	30.0
ACH-001656	2.58	0.193296461764214	0.0	0.246191351409769	2.10088425933292	4.0
ACH-000915	1.87	0.150500964934979	1.0	0.629394642551863	3.69141813095315	22.0
ACH-000270	0.81	0.258983736893654	1.0	0.391872781808844	2.98648708484121	16.0
ACH-003227	1.99	0.325494161702407	1.0	0.563022449842025	4.96774419617933	32.0
ACH-000521	1.3	0.434034020606731	1.0	0.821020984508191	3.93250400484167	25.0
ACH-000760	2.23					
ACH-000939	74.85					
ACH-000834	3.94	0.11804164938886	1.0	0.467295465013188	2.99096978272832	18.0
ACH-002690	2.23	0.422490992866309	1.0	0.622996383139343	2.88672344102662	27.0
ACH-003106	3.06	0.0875410880773226	0.0	0.510941490223289	2.52422936571437	24.0
ACH-000365	2.22	0.0636688461045357	0.0	0.266242570317815	2.18972516640639	10.0
ACH-000030	2.05	0.3613624713103	1.0	0.717464527293718	3.44942408389127	18.0
ACH-001322	2.59	0.0959357158946376	0.0	0.151940546386504	2.24607216316297	4.0
ACH-001059	2.11	0.0029265243873385	0.0	0.0300173299845324	2.0227511928191	1.0
ACH-000227	1.76	0.0513343147619715	0.0	0.0819608033088102	2.0236348445459	3.0
ACH-001736	1.79	0.0620847135191337	0.0	0.107766600220155	2.13976576264111	3.0
ACH-002538	3.13	0.401225103943322	1.0	0.656958440842798	2.92055839252591	24.0
ACH-000725	1.08	0.391077672840939	1.0	0.815340537727255	3.52826049688377	35.0
ACH-002401	1.97	0.255173055582956	1.0	0.619135419395052	2.99451982669895	22.0
ACH-002024	3.13	0.582816780594467	1.0	0.592448117169075	2.92889383151646	26.0
ACH-000572	1.08	0.288254107076427	1.0	0.683954235445734	3.53641944430967	27.0
ACH-000484	2.31	0.128348246325043	0.0	0.403695719812176	2.18832474277944	14.0
ACH-002044	2.74	0.370623667651932	1.0	0.565024244893935	2.81559956551202	22.0
ACH-003296	2.6					
ACH-000661	2.22	0.410583461618809	1.0	0.624835907909538	2.61256493545536	28.0
ACH-000048	1.94	0.524499176852434	1.0	0.551159334679052	4.14648933908151	30.0
ACH-000188	0.98	0.302196389272512	1.0	0.566032690729866	3.9882264492482	18.0
ACH-000929	3.61	0.294543262871988	1.0	0.717579491786181	3.37025188222912	22.0
ACH-000128	2.15	0.123443776426177	1.0	0.713856255128808	4.34301883775382	19.0
ACH-000406	2.25	0.256285130144164	1.0	0.667887222550873	2.76459129729619	20.0
ACH-001675	1.83					
ACH-002790	2.75	0.0084312371660811	0.0	0.0129294136916681	2.11218423180187	0.0
ACH-001295	1.91	0.0942938397266632	0.0	0.218490904908601	2.2516939995515	6.0
ACH-002710	2.22	0.171626780337529	1.0	0.497323954266456	3.17345691880431	19.0
ACH-000621	3.66					
ACH-000961	87.3					
ACH-000588	2.88	0.223775611374857	1.0	0.66940261635889	3.58294485385701	24.0
ACH-001817	2.23	0.0	0.0	0.0003684748205527	2.00114495628781	0.0
ACH-001986	1.74	0.0823608285787586	1.0	0.474790412285073	3.36935794158602	18.0
ACH-002529	2.77					
ACH-000680	2.06	0.229445996131881	1.0	0.71621326933835	3.09800508071057	22.0
ACH-000286	2.42	0.414810757192312	1.0	0.577819836418691	2.96673946680448	21.0
ACH-001662	3.63	0.586990509206962	1.0	0.67753037399723	3.06586857261469	24.0
ACH-002780	2.78	0.153070869198109	0.0	0.522117105957436	2.54895772814296	27.0
ACH-000736	3.15	0.223585308546303	0.0	0.371729083398269	2.1613447971033	10.0
ACH-000108	2.83					
ACH-002539	2.91	0.128742751849847	1.0	0.458800508360745	3.50235612076837	28.0
ACH-000805	2.07	0.0563416986926407	1.0	0.393293136238369	4.38353835503079	13.0
ACH-002463	2.02	0.0094600304190802	0.0	0.0514899488794708	2.14610124513113	1.0
ACH-000838	3.48					
ACH-000166	2.55	0.0382234476432423	0.0	0.226645072680991	2.18608557091475	11.0
ACH-000589	1.2					
ACH-001197	2.45	0.0874746516157299	0.0	0.144275780386188	2.07482081954456	6.0
ACH-000273	2.31	0.306547233814437	1.0	0.689766970413041	2.79691465032688	28.0
ACH-000865	1.51	0.372856058521221	1.0	0.648164718540721	2.58202584064542	25.0
ACH-001433	2.67	0.124275217084664	1.0	0.430283339843646	3.94593915340478	14.0
ACH-001711	2.73	0.055518715952224	1.0	0.436267334268343	3.66478963258364	15.0
ACH-002066	2.76					
ACH-000298	1.03	0.252513875517411	1.0	0.686037636044031	4.51175439680163	23.0
ACH-000421	2.22	0.270290129780818	0.0	0.342442202118128	1.95868974271795	12.0
ACH-000046	1.13	0.704867111046535	1.0	0.350522520531553	2.60998491850459	33.0
ACH-000883	1.65	0.142216444793033	1.0	0.650077848414466	3.65897825877174	19.0
ACH-002290	2.57	0.0937467895101428	0.0	0.172357719280457	2.16179552989392	2.0
ACH-000397	2.56					
ACH-000155	1.67	0.236420394576461	1.0	0.617407634888876	2.81364937085616	20.0
ACH-000835	1.98	0.175077042434005	1.0	0.47645831727187	2.98355543325566	17.0
ACH-000329	1.87	0.021483711399922	0.0	0.125826667863572	2.18935799448756	4.0
ACH-001643	2.66					
ACH-000940	84.89					
ACH-000011	2.21	0.271544428724678	1.0	0.652346921253422	2.76155660273048	18.0
ACH-002706	2.76					
ACH-002798	2.56	0.0096819556238737	0.0	0.0161459889834439	2.12154379043397	0.0
ACH-000204	1.96	0.18550805214943	1.0	0.634844487332845	3.82442127688704	22.0
ACH-000732	2.28	0.132396133163975	0.0	0.277410109682943	2.06329343239231	9.0
ACH-002794	1.89	0.301753547450645	1.0	0.558088834951083	2.83176663736892	21.0
ACH-000941	53.07	0.103602512981125	1.0	0.475885524786207	3.83589283783557	17.0
ACH-003119	2.32	0.247566591666879	1.0	0.705649671253173	3.21444856292455	26.0
ACH-000481	1.21					
ACH-000976	2.81	0.214921093588035	1.0	0.601101223104736	3.24034805978592	20.0
ACH-001303	2.18	0.0229683266403135	0.0	0.20608763194412	2.25002607224826	6.0
ACH-000488	1.26	0.416496456718515	1.0	0.714989225358233	2.89863452536941	22.0
ACH-000724	1.53	0.222676515523662	1.0	0.820760992530955	4.60143408764546	34.0
ACH-001306	2.1	0.0789491258924427	1.0	0.701779842205298	4.33817394612557	22.0
ACH-001227	2.22	0.233556274730672	1.0	0.688049548888672	3.45428225243432	24.0
ACH-002662	2.52	0.237352594807632	1.0	0.573394165742294	3.67215578865608	25.0
ACH-000635	2.2	0.493798045822501	1.0	0.684883491003987	3.59650252174603	29.0
ACH-002465	2.03					
ACH-000272	1.71	0.13006631657521	1.0	0.31722198844782	3.80456967389063	9.0
ACH-000360	1.72	0.117063680229747	1.0	0.742750017129432	4.74844163263464	31.0
ACH-000391	1.9					
ACH-001571	2.58					
ACH-000201	1.6					
ACH-000968	2.0	0.151529142530366	1.0	0.535725286438869	3.75327704308101	20.0
ACH-000374	2.78	0.518920527616468	1.0	0.803918686356341	3.96420199693856	29.0
ACH-000914	54.51	0.0736592868224331	0.0	0.105701678944294	1.96811426948103	2.0
ACH-000889	3.33					
ACH-000104	2.13	0.0532517776635668	0.0	0.0586229537808187	2.06667600348288	1.0
ACH-001848	2.19	0.373657775568661	1.0	0.649088340424594	3.32180114288112	19.0
ACH-000080	2.13	8.82249158094935e-05	0.0	0.0010306655075528	2.00102274029733	0.0
ACH-001618	2.05	0.075735661422011	0.0	0.297226477878282	2.35714439019927	12.0
ACH-000322	1.48					
ACH-001699	2.3	0.241459159790784	1.0	0.610708187709516	3.59996414738959	26.0
ACH-000874	24.26	0.0395293281996886	0.0	0.140089173494797	2.17487521112355	4.0
ACH-001334	2.01	0.196116429501846	0.0	0.270163207628219	2.05941816552366	8.0
ACH-000187	0.68	0.290710122174142	1.0	0.70144763467681	3.77932722953691	27.0
ACH-000336	2.82	0.074946135524701	0.0	0.21821297872321	2.31455025880452	5.0
ACH-002711	1.97					
ACH-001209	2.75	0.0454866939479962	0.0	0.102316931673058	2.12526459294349	4.0
ACH-002524	2.49	0.394874764399814	1.0	0.713260623391758	3.47571419904486	28.0
ACH-000599	3.27	0.408522555939676	1.0	0.85349936309242	4.2981185197003	26.0
ACH-000663	2.43	0.120194367367798	1.0	0.688257758931734	4.60202908850226	24.0
ACH-000261	2.45	0.535133996943112	1.0	0.639585326746392	3.65323945868958	28.0
ACH-000351	2.0	0.232192153317523	1.0	0.460653736414477	3.38768687376087	20.0
ACH-002067	2.83	0.210254743711839	1.0	0.696145550866066	3.02697550815499	23.0
ACH-000697	6.57	0.182990774204078	0.0	0.296554437581981	2.24926672717938	3.0
ACH-001642	3.04	0.13982119148467	0.0	0.265755712641435	2.17641227397993	7.0
ACH-000426	2.47	0.182137880767687	1.0	0.302760801053863	4.02377881117373	8.0
ACH-000947	81.33					
ACH-000973	36.22	0.230052195331282	0.0	0.551242855289964	2.51410745544699	26.0
ACH-000092	1.82	0.299091288951906	1.0	0.529197444037377	3.51267126379856	18.0
ACH-000368	2.76	0.0803591662307252	1.0	0.438727462695994	3.82362639628378	14.0
ACH-000499	2.24	0.167283886050165	1.0	0.420547155644156	3.07619402729012	17.0
ACH-000881	1.46	0.206431906468429	0.0	0.422004465713123	2.29052190408628	10.0
ACH-002665	3.13	0.482038691329024	1.0	0.678890089791766	4.57301237120969	31.0
ACH-000160	1.88	0.0403077891816924	0.0	0.0888465638298098	2.13120600386515	2.0
ACH-000318	2.41	0.420029883039087	1.0	0.721196293709354	4.33379538010792	35.0
ACH-001528	3.61	0.0625585827210812	0.0	0.116893945543372	2.0553950822305	1.0
ACH-003307	2.35	0.127217626698449	0.0	0.29342991733908	1.92335429094632	13.0
ACH-000938	62.99	0.0178921737259745	0.0	0.0183338124621044	1.99516070881451	0.0
ACH-000700	2.25	0.58050953796885	1.0	0.796398376849863	4.50363523955561	29.0
ACH-000523	0.63	0.307747533129635	1.0	0.654942635898067	2.62109268456863	23.0
ACH-001183	2.39	0.129334206380234	0.0	0.330119577801104	2.20343893240027	11.0
ACH-000120	0.96					
ACH-000574	4.95	0.324193898763247	1.0	0.647895368902338	3.18830167983878	22.0
ACH-000906	1.4					
ACH-000671	3.15	0.0557587317369645	1.0	0.778067010914632	4.41229147516169	27.0
ACH-000431	1.3					
ACH-003184	2.1	0.212789945355287	1.0	0.737314849787397	3.89798356740941	24.0
ACH-001461	2.65	0.124830989686876	0.0	0.570185343928554	2.55724680557433	26.0
ACH-000978	70.08	0.0305370776997357	1.0	0.230615608646659	4.05333827518796	7.0
ACH-000622	2.23	0.201818079698516	1.0	0.803352345857236	3.95200176962563	23.0
ACH-002659	2.39	0.395289195884449	1.0	0.700767145275651	2.9039158705797	22.0
ACH-000752	1.01	0.30578142965609	1.0	0.723075612924539	4.82894334105708	36.0
ACH-000785	2.46					
ACH-000903	10.48	0.541746350069047	1.0	0.518944323924517	4.28803833485319	17.0
ACH-002846	2.37					
ACH-001992	2.24	0.40116286704826	1.0	0.709993942506636	2.88403372559938	26.0
ACH-000777	1.49	0.5189468836792	1.0	0.733042001476629	3.45905241917837	18.0
ACH-001128	1.66	0.0259319241079364	0.0	0.0315659707263022	2.117887821408	0.0
ACH-002433	2.12	0.388358960640682	1.0	0.684918847306143	2.89296000172594	24.0
ACH-002664	2.49	0.222918797657677	1.0	0.800528476669267	4.37057301032722	33.0
ACH-000466	3.53	0.524576409550995	1.0	0.768417362764629	4.24563223111772	27.0
ACH-000304	2.24	0.181544413276791	0.0	0.276740324377258	2.16715269689019	6.0
ACH-001670	2.7	0.461862765908889	1.0	0.573834912470049	4.50879314148943	31.0
ACH-000093	2.01					
ACH-000424	1.6	0.0706111855477245	1.0	0.568944206262353	3.61511939869811	23.0
ACH-000405	2.26	0.099529562154549	0.0	0.165372853769726	2.0033208486346	5.0
ACH-001641	2.37	0.269218100650532	1.0	0.724674729977853	3.55529135624039	28.0
ACH-001996	2.12	0.261554086987926	1.0	0.733167245795876	4.18261594650404	27.0
ACH-002075	2.39	0.0727978920016479	1.0	0.564514586102378	3.89574314627206	27.0
ACH-001001	2.58	0.350081162226239	1.0	0.76506036266688	3.93516937025619	26.0
ACH-000628	1.24	0.28688157642176	1.0	0.697111861491052	3.57871228211566	29.0
ACH-000237	2.34					
ACH-001200	2.81	0.0091327348815208	1.0	0.503765359380924	4.07117794495344	17.0
ACH-000527	2.42	0.123962630325874	1.0	0.674705151415101	4.02771197507301	24.0
ACH-000853	0.8	0.343995013012498	1.0	0.79010812184536	4.41323673856209	27.0
ACH-000206	2.04	0.0025856212550272	0.0	0.124187484333629	2.12297484904552	4.0
ACH-000437	2.11	0.144189983653972	1.0	0.651910776504008	3.68518377625126	29.0
ACH-001421	1.85	0.0936323040293804	0.0	0.305381133679798	2.3418770979789	9.0
ACH-001608	2.94	0.433635067764742	1.0	0.776498448847404	2.75481625857412	24.0
ACH-000847	3.94					
ACH-000401	3.15	0.45637568031547	1.0	0.63531234279591	2.92255013902124	23.0
ACH-001623	2.07					
ACH-000172	2.19	0.0013541354078785	0.0	0.0740185890155309	2.07720552194465	2.0
ACH-003120	2.0	0.52762085645099	1.0	0.643164986983659	3.95641409583465	37.0
ACH-000524	2.39	0.214298109895611	1.0	0.746035618803448	4.18321669481808	29.0
ACH-001301	1.8	0.0277074928176218	0.0	0.0887791088353599	2.22533800175425	2.0
ACH-000706	2.4	0.248747279350177	1.0	0.583360782791291	2.8919672927982	19.0
ACH-000144	1.45	0.359453602877125	1.0	0.635179963720267	2.88886965113914	22.0
ACH-001053	2.33	0.0835830769579113	1.0	0.59164012138478	3.76978087464172	19.0
ACH-000385	1.97	0.31702518865335	1.0	0.638300333350653	3.67286199102168	25.0
ACH-002020	2.69	0.179004919968263	0.0	0.272129654327155	2.09078242470777	7.0
ACH-000927	1.78	0.194529646688603	1.0	0.768644828517897	4.46226403486185	28.0
ACH-000283	2.56					
ACH-001190	26.58					
ACH-000956	83.39					
ACH-000790	0.94					
ACH-003103	2.36	0.0617762107930783	0.0	0.112481604793776	2.05460071204095	2.0
ACH-000183	2.26	0.146706666328338	1.0	0.621558085395497	4.12841685887285	21.0
ACH-000290	1.25	0.162864098330994	1.0	0.416517592038785	4.15808987762242	11.0
ACH-000025	2.59					
ACH-002508	2.1	0.312634466174716	1.0	0.762846934114616	4.51687559431021	34.0
ACH-000766	3.56	0.378159482647637	1.0	0.685072766055328	2.4563214383084	16.0
ACH-000643	2.11	0.560725715260647	1.0	0.599554788234247	2.75479578782082	24.0
ACH-002061	2.71					
ACH-000898	2.99	0.133516395478256	0.0	0.372342494264311	2.30273791270726	11.0
ACH-001143	2.6					
ACH-000801	2.33	0.0293454300960689	1.0	0.482837924776886	3.13935530037851	19.0
ACH-000855	2.19	0.0681160904116	1.0	0.447009305764325	3.58717686188799	33.0
ACH-000819	2.18	0.441767759368671	1.0	0.739296243210054	2.62912176892289	22.0
ACH-002795	2.23	0.0220628044114377	0.0	0.0294735701104378	2.2400170841631	0.0
ACH-000238	0.8	0.25783317306348	1.0	0.624185921419461	4.35193562495092	19.0
ACH-002653	2.12					
ACH-000508	1.26	0.230228028388998	1.0	0.654296818996722	3.67212870044745	25.0
ACH-001745	2.23	0.0034813465117134	1.0	0.57453534766774	3.70787747918605	21.0
ACH-000243	1.98					
ACH-000416	0.83	0.64559369635295	1.0	0.484595898299784	2.56305112093607	30.0
ACH-000382	1.05					
ACH-001671	1.82	0.173553116958529	1.0	0.624095754683531	2.90430717708595	21.0
ACH-001046	1.98	0.0076932828970436	1.0	0.0977981716067404	4.11988036949617	2.0
ACH-002926	2.16	0.160648416676509	1.0	0.458058013688234	3.25942607325801	17.0
ACH-000377	2.28	0.234643850066555	1.0	0.514571837836292	3.07693933459869	22.0
ACH-001029	2.01	0.683826793358155	1.0	0.317996048113419	2.41118431568535	11.0
ACH-001019	1.98					
ACH-000921	3.65	0.366593838669259	1.0	0.631105693607023	3.58875552840293	34.0
ACH-000395	1.88	0.441232814578081	1.0	0.659515032172509	2.9780896748818	25.0
ACH-002792	2.31					
ACH-001695	2.11	0.275847838862167	1.0	0.741925909481503	3.75165238456973	26.0
ACH-001985	2.37	0.09173433933885	1.0	0.623398149135452	3.85139718424784	23.0
ACH-001668	2.27	0.210743738778158	0.0	0.465311447837075	2.31531407351201	9.0
ACH-001362	2.12	0.271924403456647	1.0	0.696162898213538	3.00885552987594	22.0
ACH-001685	2.52	0.240466113242168	0.0	0.41287851969012	2.15997252828612	9.0
ACH-003100	2.74	0.191883553988306	0.0	0.351171742490757	2.24557839351507	9.0
ACH-001975	2.13	0.290355087195395	0.0	0.414966736287186	1.92409233939501	10.0
ACH-000347	2.11	0.286304705208632	1.0	0.788218499319647	4.28231252824323	26.0
ACH-000738	2.44	0.288514876260272	1.0	0.809238518609681	4.37243213661937	24.0
ACH-000696	1.86	0.525485388810902	1.0	0.699655361513224	2.78675404205179	25.0
ACH-000773	3.35	0.0754005040226055	1.0	0.648849643800166	3.7873919443369	21.0
ACH-000496	1.79					
ACH-000007	3.36					
ACH-002648	2.04	0.302156601644902	1.0	0.771413447244225	4.33783782606806	25.0
ACH-000965	79.5					
ACH-000639	1.13	0.458449799555437	0.0	0.603999244133089	2.01162107453952	13.0
ACH-002994	2.83	0.0200016588496805	0.0	0.0348613792914577	2.09818947289987	0.0
ACH-001700	2.38	0.309710300447364	1.0	0.549766733315023	3.5014622658242	35.0
ACH-002017	1.95	0.312979595561333	1.0	0.756527469572155	4.42150486958409	27.0
ACH-003121	2.3	0.329358699479955	1.0	0.680276999212174	3.1379233668001	21.0
ACH-000894	1.98	0.295130536389421	1.0	0.766575602165175	4.18434419107451	29.0
ACH-001489	1.68	0.276740668296774	1.0	0.51389312940577	2.89691167104827	14.0
ACH-000803	0.66	0.268591023849542	1.0	0.601207775359444	3.35450031688539	21.0
ACH-000701	2.66					
ACH-000277	3.14					
ACH-001987	2.03	0.0946751693285426	0.0	0.263140708957039	2.1621445768863	8.0
ACH-000532	2.58	0.243265668780575	1.0	0.640283234733494	2.95274439969056	24.0
ACH-002526	3.11	0.416984947898393	1.0	0.65130176765488	3.11706701667064	17.0
ACH-002435	2.22					
ACH-000846	2.05					
ACH-000198	1.69					
ACH-000557	3.33	0.0189474706229947	1.0	0.277229882676805	4.66908234931746	38.0
ACH-001134	1.64	0.111522453082467	0.0	0.145848045464133	1.97714092158974	3.0
ACH-000009	1.0	0.29194829187517	1.0	0.795145261704268	4.22696833913727	21.0
ACH-000168	1.92					
ACH-000410	1.79					
ACH-000036	2.08	0.259046187776716	1.0	0.455135451147208	2.95360595286797	14.0
ACH-000123	2.32	0.0168026311704312	0.0	0.0247415059923816	2.28339304049803	0.0
ACH-001737	30.53	0.0145724329374411	0.0	0.0454673610158911	2.02629253761071	1.0
ACH-002475	2.76	0.827004583073026	1.0	0.063772225572696	3.45703982322567	0.0
ACH-000454	1.24	0.425918629684374	1.0	0.782068154951062	4.08892878588884	31.0
ACH-000253	1.77	0.182055824934143	1.0	0.368770832403012	3.11533379429204	15.0
ACH-000559	0.81	0.187585931380907	1.0	0.526238919026357	3.27851362750506	20.0
ACH-000576	2.45	0.0654660361987391	0.0	0.174171867162398	2.07575495294193	6.0
ACH-000800	0.97	0.270136480195544	1.0	0.660931570852334	3.35120883780738	21.0
ACH-000716	2.19	0.0696399133221726	1.0	0.470548655720741	3.30076279281485	20.0
ACH-003284	1.63	0.0097433228767408	0.0	0.013646035220767	2.11303629182381	0.0
ACH-000393	2.12	0.390413084847721	1.0	0.749007465373761	4.22529742915792	24.0
ACH-001211	2.28	0.0107700996249382	0.0	0.155641091520249	2.59980774616687	37.0
ACH-001201	2.49	0.0090745444082947	0.0	0.0669271914313988	2.11473069515491	4.0
ACH-000641	2.67	0.0834042726310375	0.0	0.184606325726562	2.05721726734524	6.0
ACH-001354	1.92					
ACH-000505	1.36	0.24685736312998	1.0	0.756388868129848	4.82431910426822	31.0
ACH-000515	0.95	0.317483383270112	1.0	0.572481864176622	2.79644037970819	21.0
ACH-001578	2.75	0.319808956521254	1.0	0.70004554024417	2.69397107880864	25.0
ACH-001344	2.18					
ACH-000782	32.13	0.0401189740561987	0.0	0.0668944440628238	2.02388145884494	2.0
ACH-000021	1.54	0.415289334501075	1.0	0.651155189687847	3.07133913225223	24.0
ACH-002215	2.01	0.0842750226515509	0.0	0.235836306825851	2.34423882586817	7.0
ACH-000649	1.25	0.190043898285662	1.0	0.632470269685154	3.70766104515364	23.0
ACH-001791	2.06	0.0239144503688352	1.0	0.409214633534997	4.14326557795407	26.0
ACH-000734	2.29	0.170918998275285	1.0	0.723574592770275	4.64305220633502	27.0
ACH-002478	2.24	0.0506658951529214	0.0	0.192445111936345	2.12425175462301	6.0
ACH-000148	1.7	0.291282727186959	1.0	0.738232736208912	4.22321259620723	29.0
ACH-002170	2.4	0.476854450040763	1.0	0.711581644302086	4.33106496859385	24.0
ACH-000389	1.04	0.159508419539409	1.0	0.491383435527776	3.16230020691399	15.0
ACH-000858	2.04	0.476523515831581	1.0	0.687392816987636	2.95652024760368	23.0
ACH-000511	0.83	0.235404626506354	1.0	0.435121787592602	2.98193164157726	20.0
ACH-002936	2.55	0.0543920561743564	1.0	0.261417090507471	3.94018001824647	7.0
ACH-000896	2.76	0.367017644796784	1.0	0.691681214448018	2.62706290376092	25.0
ACH-001431	1.92	0.0960048140581248	0.0	0.20672413761429	2.15429714105803	7.0
ACH-000739	1.14					
ACH-000490	2.44	0.427294770133471	1.0	0.694762077708249	2.54246663906966	26.0
ACH-000666	1.29	0.267724215352887	1.0	0.643682769495791	2.65851790314399	24.0
ACH-000727	0.73	0.513479542174144	1.0	0.632088767676889	4.6527801786701	37.0
ACH-002499	2.41	0.657152282538068	0.0	0.491600206864466	1.67283594295168	21.0
ACH-000169	2.32	0.338587798024677	1.0	0.603118716660019	2.36181400528101	11.0
ACH-000994	92.12	0.0477105593663021	1.0	0.431620289737701	4.38360083725452	12.0
ACH-000150	2.04	0.366424303253117	1.0	0.777980926067958	4.50126388689631	33.0
ACH-000320	2.84	0.373187432883148	1.0	0.618418559013056	2.96750464019004	20.0
ACH-003125	2.72	0.0572124170951782	0.0	0.0864493046820445	2.07598203420721	3.0
ACH-000652	2.17	0.214746857230366	1.0	0.519583723447858	3.98357158873551	18.0
ACH-001279	2.09	0.009795875050363	0.0	0.0140650489918936	2.2829892342256	0.0
ACH-000330	1.25	0.368523528677059	1.0	0.719849134448679	3.2264059066424	24.0
ACH-000262	2.35	0.342318552634281	1.0	0.726576624631152	4.70817244668459	23.0
ACH-002660	2.76	0.148211416207803	1.0	0.736165520470026	3.97086383171932	25.0
ACH-000087	1.95	0.250528089303061	0.0	0.417246076304598	2.25681347599945	8.0
ACH-000841	2.82	0.384399376771268	1.0	0.753230225703773	3.16880905033581	26.0
ACH-000355	1.02	0.366374418384411	1.0	0.686268538088803	2.93450252898922	19.0
ACH-002023	2.75	0.291906566634136	1.0	0.513904287845717	3.03490709662903	20.0
ACH-000624	4.45	0.601719919580079	1.0	0.60586339356947	2.48914631804015	14.0
ACH-002043	2.96	0.420796633743888	1.0	0.678849333344389	2.68033647913516	23.0
ACH-000763	3.26	0.0936088618926251	0.0	0.214436360045111	2.05362891735566	4.0
ACH-000705	1.8					
ACH-001422	2.07	0.360851052405081	0.0	0.479558710226796	2.21341270390225	8.0
ACH-000297	1.19	0.285899536758726	1.0	0.646357603694899	3.2952282410185	22.0
ACH-000411	1.47					
ACH-002010	47.7	0.147126334687474	1.0	0.646751541706046	3.99711260730873	26.0
ACH-000015	2.37	0.32645850100718	1.0	0.52429967473682	3.33897112831595	33.0
ACH-001338	1.75					
ACH-002543	2.36	0.0700782922307091	1.0	0.536993922853909	3.79635172554776	28.0
ACH-000714	1.66	0.172990511459159	1.0	0.678328372853813	3.46990120624821	24.0
ACH-000366	2.24					
ACH-001980	1.99	0.100214703139849	0.0	0.381756946034264	2.32516949646236	14.0
ACH-001435	2.82	0.493833735470689	1.0	0.736142949062055	2.7328423371126	24.0
ACH-000917	3.44	0.403942741790919	1.0	0.727494335304793	2.8051758598876	30.0
ACH-000164	1.26	0.373202130669916	1.0	0.603195115434888	3.03222918847237	23.0
ACH-001302	1.51	0.0578192502981198	0.0	0.112171536219035	2.2596477397118	5.0
ACH-000469	2.21	0.11804573074435	1.0	0.632267820720465	4.88258365302498	24.0
ACH-000948	91.58					
ACH-000114	2.38	0.178879291438463	1.0	0.521772074010415	3.29325319134043	22.0
ACH-001395	2.31					
ACH-000602	2.1	0.0066684282906591	0.0	0.0245178309879284	2.28346581785673	0.0
ACH-001735	44.77	0.0422018491824485	0.0	0.103845561255571	2.02842282965846	3.0
ACH-000440	3.57	0.0515588192025769	0.0	0.165784079963647	2.43729757690679	5.0
ACH-000587	2.19	0.176999635272882	1.0	0.794970773806508	4.32968337004622	26.0
ACH-000407	2.79	0.334429077816181	1.0	0.788257862741676	4.65011273784433	28.0
ACH-003012	1.87	0.265484152350779	1.0	0.548646072914489	2.81010984928107	18.0
ACH-000222	2.61					
ACH-001989	1.73	0.16507160812903	1.0	0.732472116798671	4.15123915893131	22.0
ACH-001151	2.11	0.339993519188715	1.0	0.716544282783898	2.74121517735411	27.0
ACH-000528	1.84					
ACH-001703	2.74					
ACH-001038	1.98	0.712408943630667	1.0	0.303570881054553	2.61170519649834	39.0
ACH-003105	1.89	0.114345691678569	1.0	0.646240872974455	3.5278713775254	18.0
ACH-000932	85.85					
ACH-001598	3.02	0.580548535323622	1.0	0.535948455655173	2.4506369824867	9.0
ACH-000607	2.86					
ACH-000141	2.75					
ACH-000542	2.47	0.105353784797255	1.0	0.603646277499938	4.95254218530497	23.0
ACH-000256	2.11	0.174301465114296	1.0	0.735498384336862	3.94960813763096	29.0
ACH-000740	2.42	0.372332192069157	1.0	0.788447288796917	4.05787570312038	29.0
ACH-002077	2.25	0.181853409078515	0.0	0.278250054031714	1.8993370507886	12.0
ACH-000487	2.74	0.222431493265197	0.0	0.333286248696315	1.89617165920016	6.0
ACH-001562	1.85	0.138465840683823	0.0	0.346979901748053	2.22607283955206	10.0
ACH-000045	1.91					
ACH-000312	2.04	0.0601732013226666	1.0	0.338142056000654	4.16576009681605	14.0
ACH-002045	3.26	0.356552515616087	1.0	0.660983609230351	2.81721019569833	24.0
ACH-000260	1.73					
ACH-000350	2.49	0.4458225632077	1.0	0.706625482501588	3.40132660196282	18.0
ACH-000004	1.86	0.349628573280408	1.0	0.484524849583663	2.88174638768316	20.0
ACH-002050	2.48	0.0105865861612946	0.0	0.0145570852431801	2.08208761019191	0.0
ACH-002532	2.78					
ACH-000343	1.04					
ACH-002528	2.16	0.0905978028096389	0.0	0.201708091620238	2.01372775809518	6.0
ACH-000657	17.36					
ACH-001674	2.45					
ACH-001649	2.35					
ACH-000648	4.14	0.185639543154742	1.0	0.55506344718801	3.99232469114509	20.0
ACH-000879	71.23					
ACH-000078	2.11	0.0287521387337558	0.0	0.416159267700012	2.52233928294427	30.0
ACH-001097	2.98	0.204482455146286	0.0	0.359120808113819	2.21019991784129	7.0
ACH-001060	3.08	0.0648329837457692	1.0	0.536522188141193	4.06359422463176	20.0
ACH-000645	1.93	0.210462138891062	0.0	0.386427111575671	2.04602207174713	7.0
ACH-002511	2.19	0.0928742333727737	1.0	0.622306814178644	3.7304094007187	24.0
ACH-001526	3.22					
ACH-000617	1.64					
ACH-000928	74.82					
ACH-002681	1.71	0.165402689055575	1.0	0.525879361517919	2.85054789790822	19.0
ACH-002214	2.38					
ACH-000580	2.27	0.092605418384294	0.0	0.21291181835464	2.1422335194223	6.0
ACH-000548	3.02	0.259436297363733	1.0	0.718393035029376	2.98356729171054	25.0
ACH-002142	2.55	0.185581800676357	1.0	0.505912472101704	3.77232283267188	19.0
ACH-002530	2.74	0.258023715657645	1.0	0.77876902881213	4.28587687383503	33.0
ACH-002055	2.34	0.0401616605630612	0.0	0.136747156923726	2.07915414327414	4.0
ACH-002806	1.9	0.10346452095919	1.0	0.423900812175636	3.13944382903232	15.0
ACH-000573	2.46					
ACH-000311	0.9	0.155548072588971	1.0	0.580492000816675	4.24340537633327	35.0
ACH-000554	1.93	0.259866276916524	1.0	0.753319471840608	3.51110199095614	29.0
ACH-000461	2.44	0.310534774372689	1.0	0.740409741968143	4.14018985103324	29.0
ACH-000211	1.2	0.265370980876317	1.0	0.818112904290438	4.30703967006504	23.0
ACH-000476	2.36	0.181379381925393	1.0	0.724088823630827	4.95661365073911	30.0
ACH-000409	1.7	0.504911331319757	1.0	0.577675592677935	2.9741342510638	31.0
ACH-000504	2.17	0.141533510200592	1.0	0.655966350572304	4.0992065889297	15.0
ACH-001239	1.63	0.146267677237981	1.0	0.571778170112847	3.75656202104994	20.0
ACH-002688	2.51					
ACH-003176	1.82	0.0024221907877853	0.0	0.0082807047778199	2.01156548924824	1.0
ACH-000417	2.45	0.436152179087436	1.0	0.711494956580443	4.09497138465131	37.0
ACH-000047	1.61	0.348770719375799	1.0	0.670873016256006	4.56008567912742	22.0
ACH-001148	2.59	0.138347493970276	1.0	0.311100538065139	3.77301875388416	9.0
ACH-000937	4.93					
ACH-003111	3.67	0.0078612608494888	0.0	0.0125795640543139	2.11813244718701	0.0
ACH-002921	2.07	0.134004440188467	0.0	0.190331655251278	2.27834393164539	8.0
ACH-002796	2.42	0.0225564330455245	0.0	0.0292307155725092	2.23150387521503	0.0
ACH-001184	2.57					
ACH-000644	1.34	0.273828756279078	1.0	0.706456345472902	3.73945243358199	26.0
ACH-001972	2.54	0.150732856816205	1.0	0.574894432268344	2.70566831023539	24.0
ACH-000610	1.07	0.486233088940501	1.0	0.588642017361395	2.58903513465621	22.0
ACH-001333	81.36	0.115510593853833	0.0	0.169051801893405	2.10484296086338	3.0
ACH-000062	1.24	0.304236990095518	1.0	0.652588463325558	4.40471366243676	11.0
ACH-002041	2.8	0.34834720489022	1.0	0.712179527637079	3.85389829304965	31.0
ACH-000390	1.8	0.364960951037988	1.0	0.768708503541237	4.79922113253055	32.0
ACH-000840	2.81	0.274758043459307	1.0	0.670105368195931	3.85648189102924	27.0
ACH-000052	2.17	0.183955312974933	0.0	0.239013998066087	2.22811645475736	2.0
ACH-003295	2.29	0.0563405939494236	1.0	0.40652744514248	3.61896467008788	13.0
ACH-003226	1.28	0.187699964776472	0.0	0.34332623691106	2.11442975656134	12.0
ACH-000464	1.65	0.07275058935904	1.0	0.557741403050799	3.70677476690401	22.0
ACH-001983	2.33	0.451123235105838	1.0	0.602144929127873	2.9493740018907	26.0
ACH-001400	2.01					
ACH-000082	2.99	0.636536029347855	1.0	0.516217437876093	2.67821328433903	29.0
ACH-000750	1.2	0.125725765068003	1.0	0.487490552832391	3.40868231165617	18.0
ACH-001676	2.07	0.0374452352357124	0.0	0.042909444417111	2.08661501783121	2.0
ACH-000759	4.58	0.128351830053035	1.0	0.616499420823829	4.29799143177126	23.0
ACH-000247	1.91	0.165512599901911	0.0	0.408069014255883	2.48908235442171	11.0
ACH-000116	2.02	0.373871015949692	1.0	0.785221994529817	3.35156159108952	19.0
ACH-001697	2.4	0.263221514177179	1.0	0.783902364232241	4.19580109750566	30.0
ACH-001530	3.53	0.17268236614756	1.0	0.414728327577594	3.27083439111741	15.0
ACH-000748	4.72					
ACH-000630	1.78	0.157439690754767	1.0	0.780858249949529	4.42684206547747	27.0
ACH-000402	2.16	0.0278217755182252	0.0	0.0995714685694647	2.06403750808202	2.0
ACH-002030	2.85	0.26323938491172	1.0	0.584679545674975	3.10671784364398	20.0
ACH-000922	12.14	0.0085055252897905	0.0	0.120352583999843	2.18141437681764	4.0
ACH-001707	1.64	2.30263998879051e-05	1.0	0.193067327040987	3.95807119179546	8.0
ACH-002034	2.61	0.0156656923639218	0.0	0.0161451334878784	2.00210079699906	0.0
ACH-000728	14.21	0.0520889503867132	0.0	0.123215559024785	2.02145141834958	3.0
ACH-000966	88.34					
ACH-000579	0.3					
ACH-000502	2.72	0.370470642805953	0.0	0.432063085663445	1.81616146241772	17.0
ACH-002924	1.71	0.0768129272434226	1.0	0.667431226199508	4.48004973893325	24.0
ACH-000408	1.07	0.380386182192255	1.0	0.726882496236099	3.30591364114148	24.0
ACH-003297	2.28					
ACH-002843	2.28	0.0046856008204785	0.0	0.0077129804041027	2.0878745206805	0.0
ACH-001702	2.43	0.306224241429371	1.0	0.515190396604448	3.00545000375426	19.0
ACH-000849	4.42	0.556254900267016	1.0	0.612179877046691	3.28889742549832	29.0
ACH-002399	2.26	0.29466563964044	1.0	0.676926797904673	3.65126385905965	33.0
ACH-001277	2.84	0.160319541351616	1.0	0.483128369933104	2.69443085216257	28.0
ACH-001543	2.44	0.32752450908233	1.0	0.663780570557508	3.20167064598529	20.0
ACH-001068	3.95					
ACH-000900	3.85					
ACH-000349	4.2	0.476161212619982	1.0	0.608178142145025	2.07178809050338	17.0
ACH-001445	2.01					
ACH-001828	1.84	0.0104676996957836	0.0	0.0918685773886056	2.36182801106822	3.0
ACH-001624	2.36	0.18437375697634	1.0	0.690694804991531	4.1686938703587	24.0
ACH-000314	2.15	0.350577987278863	1.0	0.751791773391899	3.17417701320047	22.0
ACH-000848	1.65	0.392058044852595	1.0	0.630492656243179	3.18008604140995	17.0
ACH-002667	4.6	0.284749728603486	1.0	0.613991643075431	3.14149325169407	23.0
ACH-002019	2.35	0.122667379707846	0.0	0.284165920524879	2.16551301518878	9.0
ACH-001709	46.02					
ACH-001119	2.23	0.0645030025846253	0.0	0.120910100324219	2.13556558307299	2.0
ACH-000986	2.85					
ACH-000427	3.34					
ACH-002644	1.98	0.112640716481983	0.0	0.221732539852464	2.04139265113968	10.0
ACH-000387	3.17	0.103534401683767	0.0	0.443064237819271	2.43441955473336	12.0
ACH-001350	2.28	0.102118934421738	1.0	0.664367389805915	3.72260895828223	28.0
ACH-001802	2.05					
ACH-002013	2.22	0.110326906717955	1.0	0.698329941925809	3.93874410077212	24.0
ACH-001988	2.21	0.0755338124505942	0.0	0.16622587829631	2.03164072894057	7.0
ACH-000550	1.45	0.322830156355442	1.0	0.78369926918444	4.89605863482336	28.0
ACH-000024	2.09	0.119956649176431	1.0	0.571847365232975	3.74379083803093	22.0
ACH-002497	2.27					
ACH-000538	4.06	0.0101376267436929	0.0	0.0105832889779002	1.99657767175492	0.0
ACH-000370	2.66	0.300577024702726	1.0	0.642447651279026	3.36670701215398	27.0
ACH-000605	3.59	0.442742347590536	1.0	0.717093599275473	4.22846017537617	28.0
ACH-000945	1.07	0.100767784481319	1.0	0.738423003357544	4.9861180705999	24.0
ACH-002438	1.39	0.0253560969971178	0.0	0.078110574894364	2.04730990574955	2.0
ACH-000137	2.0	0.365112941968124	1.0	0.620341179612346	2.47435254945882	11.0
ACH-000764	2.12					
ACH-002051	3.07	0.678243179719747	1.0	0.518442787265756	2.86471210529782	24.0
ACH-000118	2.63	0.309215720666673	0.0	0.346649982484862	1.9546902553098	12.0
ACH-000802	3.11	0.441655339154764	1.0	0.588789193201751	2.96106414590405	17.0
ACH-000341	2.96	0.0789646487593614	0.0	0.238401776990292	2.14348593235729	6.0
ACH-000113	3.16	0.0681363122208623	0.0	0.203418868664807	2.14978769703587	5.0
ACH-000545	1.23	0.421223339496693	1.0	0.707436125754584	3.95327946366986	27.0
ACH-000593	2.24	0.0625189579976367	1.0	0.741104301648136	4.20666444374404	27.0
ACH-001636	2.49					
ACH-002470	2.48	0.34387978422803	1.0	0.814881727072225	4.71858184056347	26.0
ACH-000216	2.79	0.366431865355662	1.0	0.718189669875576	3.49393481904832	24.0
ACH-000809	1.68	0.440040360586155	1.0	0.789705847513493	4.59948918345896	29.0
ACH-001804	2.77					
ACH-000223	2.13					
ACH-002784	3.24	0.695306905371884	1.0	0.0977387375338162	4.52050177747462	38.0
ACH-000953	57.52	0.13365080505917	0.0	0.190066886230627	2.03492502162099	2.0
ACH-000394	0.83	0.303626239385605	1.0	0.768513375183286	4.95986865701321	26.0
ACH-002535	3.51	0.246489940185673	0.0	0.339804039786907	2.00037898607012	12.0
ACH-000212	1.96	0.442165057623467	1.0	0.79479508182342	4.73558153935809	32.0
ACH-000568	2.25	0.247775164612174	1.0	0.538444360847998	3.06737044488797	21.0
ACH-000911	59.36	0.549671006515992	1.0	0.460139067710081	3.74955576620906	32.0
ACH-003107	3.34	0.130522077454387	0.0	0.357662956081779	2.19352869324847	10.0
ACH-001977	2.28	0.323416556054443	1.0	0.541385394170459	2.87258666860873	22.0
ACH-000310	2.08	0.0778477942870797	0.0	0.244604645613983	2.26277993017689	6.0
ACH-000457	1.73	0.221802994750602	1.0	0.552095887497631	2.58553326231393	25.0
ACH-000126	2.45					
ACH-001976	2.43	0.131529278087954	1.0	0.659698675586336	3.89331239865487	21.0
ACH-002787	2.07	0.34797284085633	1.0	0.67080126351497	3.30470816080212	18.0
ACH-000248	1.48	0.191420568978241	1.0	0.704195478023136	4.48817571344845	32.0
ACH-000234	2.29					
ACH-001192	2.06	0.244905853492145	1.0	0.571758343626802	2.82956203103252	17.0
ACH-003065	1.83	0.0121719606454012	0.0	0.0121739275532853	1.99951847462121	0.0
ACH-002486	2.34					
ACH-000536	1.54	0.54853280973358	1.0	0.683749477142856	2.8056572327197	23.0
ACH-000651	3.2	0.493974696653618	1.0	0.626832088198863	2.28941377332489	11.0
ACH-000753	2.94	0.462226398519279	1.0	0.728347708007662	3.63416460078611	29.0
ACH-000455	2.27	0.188113906256471	1.0	0.501345372416652	3.2232542948465	18.0
ACH-000279	2.67	0.31292493606256	1.0	0.646663688707691	3.15188403207112	19.0
ACH-000445	3.05					
ACH-000231	2.07	0.253488300635349	1.0	0.689214974592911	3.27662825732755	25.0
ACH-002533	2.75	0.398336796170868	1.0	0.611270816532904	3.18231928624582	32.0
ACH-000447	2.11	0.119159641736944	1.0	0.695882598982346	4.09090144227447	23.0
ACH-000842	1.23	0.525104911887462	1.0	0.751771535266358	2.83434445533456	23.0
ACH-001694	2.37	0.165433212017549	0.0	0.373891747228803	2.34698902266846	14.0
ACH-000292	1.14					
ACH-000983	62.82	0.0632104965005637	0.0	0.22790732356354	2.3560352839337	9.0
ACH-002799	3.69					
ACH-003061	1.9	0.310109334922115	1.0	0.553599394843749	2.57594252815219	34.0
ACH-000594	0.8					
ACH-000099	1.91	0.0210351676853283	0.0	0.0479016559897994	2.07782369759152	2.0
ACH-001799	2.09					
ACH-000335	1.03	0.096753671430723	1.0	0.561004382386464	3.58076012021034	19.0
ACH-002782	2.09	0.274630853044044	1.0	0.775767034597891	3.70334190632479	26.0
ACH-000337	2.0					
ACH-002016	1.67	0.0242040942554652	0.0	0.0304024300187153	2.25613928376954	0.0
ACH-002522	2.7	0.113510402547754	0.0	0.201754147019134	2.06533192754466	6.0
ACH-000174	1.48	0.510663026760542	1.0	0.697606895710014	3.05766953488717	20.0
ACH-001981	2.03					
ACH-000315	2.7	0.109193613505497	0.0	0.198594916388106	2.32518576859913	1.0
ACH-000153	0.95					
ACH-000664	2.62	0.0399344393694957	1.0	0.406409733117504	3.4792055435714	15.0
ACH-000935	2.06					
ACH-000924	4.11	0.325359486730583	1.0	0.817359507381844	4.74342819422397	31.0
ACH-000053	1.89					
ACH-000771	2.15	0.101144303577312	0.0	0.301816142613047	2.19535685921807	11.0
ACH-000665	1.05	0.474070950961374	1.0	0.674266382861652	2.6878842321005	25.0
ACH-001712	1.95	0.0	0.0	0.0005613659061326	2.00065026042864	0.0
ACH-000507	1.74	0.271190473990809	1.0	0.634927313981131	3.44218850055964	19.0
ACH-000633	1.83	0.379439303464969	1.0	0.722039781093933	3.89094272427917	26.0
ACH-002647	1.77	0.175578431542507	1.0	0.592810567325086	3.72080948348559	22.0
ACH-000905	1.85	0.133810110860759	1.0	0.485540343856981	3.11584913407196	19.0
ACH-000930	69.08	0.221782540089879	1.0	0.581979235858888	3.64878901691038	35.0
ACH-000691	3.86	0.384417559636389	1.0	0.732862579730414	2.91092140815928	29.0
ACH-000818	1.8	0.171085201109734	1.0	0.748212721608263	4.08652861232072	27.0
ACH-001440	2.18	0.191042515584362	1.0	0.593615109487381	2.81484546702641	22.0
ACH-000767	1.0	0.256022706083063	1.0	0.587643778013252	3.13495373911463	20.0
ACH-000139	1.34	0.239429331187431	1.0	0.634227806131814	3.46036652329369	24.0
ACH-000756	2.42	0.245761855618276	1.0	0.709546348372572	4.50664463019306	34.0
ACH-000570	2.78	0.2805251489835	1.0	0.614448305518946	3.30424023745804	18.0
ACH-000215	2.37	0.136974605578916	1.0	0.542903100397673	3.68443312439406	28.0
ACH-001693	1.7					
ACH-000936	71.39					
ACH-000719	1.88					
ACH-002680	2.18	0.168429076189095	1.0	0.478358368703051	3.31668173394603	18.0
ACH-000452	2.57	0.350205190234447	1.0	0.724542671133285	4.34408409662146	27.0
ACH-001067	1.37					
ACH-000946	80.32	0.0406859542006374	0.0	0.0478922551297939	2.10749508268858	0.0
ACH-002643	2.95	0.0259393970738746	0.0	0.18196387556263	2.18372313429043	5.0
ACH-000354	2.3	0.376540804107442	1.0	0.714412888029794	2.97726851329318	22.0
ACH-003108	2.55	0.304385042522212	1.0	0.562767876476392	2.83967698308581	32.0
ACH-001740	2.65	0.0301061640134467	1.0	0.619390542833209	3.79157311575721	19.0
ACH-000111	1.61					
ACH-000503	1.59	0.452804007583461	1.0	0.667088739798141	3.3345445810466	23.0
ACH-001503	2.13					
ACH-000964	39.55	0.0337495702813511	0.0	0.208958482316055	2.17021856733484	9.0
ACH-000887	3.62	0.408959677881936	1.0	0.822280594446861	4.91387964118556	30.0
ACH-000826	2.4	0.394064797707496	1.0	0.728577231138544	2.59934520112587	26.0
ACH-000400	1.14	0.0841448702668114	1.0	0.536395123938969	3.74155193211261	30.0
ACH-000091	1.32					
ACH-001441	1.91	0.0224432760396831	1.0	0.493178585165978	4.04862272761603	15.0
ACH-000293	1.19					
ACH-000667	1.05	0.369178973413342	1.0	0.74227075942052	4.45066933875072	19.0
ACH-000910	1.55					
ACH-000866	52.34					
ACH-000278	1.49	0.412103507273777	0.0	0.520909761379164	1.94023808083725	14.0
ACH-000029	2.61					
ACH-000829	2.45	0.0389063172795518	0.0	0.0468453044233836	1.98920554651712	1.0
ACH-000957	88.39	0.0086944118741796	0.0	0.0207278535036539	2.14843289998504	0.0
ACH-000668	3.34					
ACH-000258	1.88	0.0769575586852909	1.0	0.262488797612461	4.37514666381747	8.0
ACH-002501	1.91	0.0142854701762002	1.0	0.237798769479311	4.10253508500638	11.0
ACH-000997	65.0	0.001237099406136	0.0	0.0031346558740551	2.00078229816706	0.0
ACH-000470	1.72	0.138015868880267	1.0	0.487705733771933	3.38240616047489	18.0
ACH-001701	1.89	0.0880244214859725	1.0	0.708398971685834	3.80434045857237	23.0
ACH-000934	1.32					
ACH-002047	2.35	0.0281967844509182	0.0	0.0756601864701223	2.15821820132179	2.0
ACH-001193	2.25	0.269042756503608	1.0	0.734400612089008	4.66785779379363	24.0
ACH-002676	2.22	0.0217401319227045	0.0	0.0269044453234883	2.00821081152508	0.0
ACH-000433	1.14					
ACH-001750	2.62	0.125149023450609	1.0	0.463942555547175	3.25786621446184	19.0
ACH-001619	2.63	0.138058807523872	1.0	0.536396966052972	3.47962238639867	17.0
ACH-000014	2.03	0.345983025521436	1.0	0.55884582788203	3.02135328325572	22.0
ACH-000246	1.51	0.0496291258980263	1.0	0.694770638170905	4.94360186009421	33.0
ACH-000878	3.12	0.342430836482156	0.0	0.417845485243938	1.83190969492467	14.0
ACH-002802	2.3	0.104412122586955	0.0	0.296571597002276	2.03125187050504	11.0
ACH-000299	3.1	0.0571288886598939	0.0	0.0949374752549445	2.10073877607998	2.0
ACH-000480	3.27	0.540756720699991	1.0	0.565643803779209	2.605884827324	26.0
ACH-000963	91.78	0.0304230267189367	1.0	0.378936282130343	3.9347503135391	15.0
ACH-002029	3.03	0.250616076232273	1.0	0.72631295140809	4.37880133546089	24.0
ACH-002722	1.92	0.0086182544618874	0.0	0.0123328792387765	2.09742446413949	0.0
ACH-000899	2.84	0.276662135083462	0.0	0.533405983481672	2.37550170683612	17.0
ACH-001610	54.27	0.265932619403807	1.0	0.805226965041343	3.97080244480969	25.0
ACH-001447	4.34	0.14751588789345	0.0	0.228439601696419	2.18696548255432	1.0
ACH-000778	1.57	0.190249297082441	1.0	0.573403756792082	2.76462326555713	20.0
ACH-001349	1.97	0.052856668033731	0.0	0.114086513509722	2.10822253713397	4.0
ACH-001336	2.19	0.411871744083694	1.0	0.749841285610059	3.48993711525011	18.0
ACH-000219	1.35	0.272092604868967	1.0	0.518988513240465	2.85359620437621	16.0
ACH-000544	2.13	0.373087984554965	1.0	0.705894376308791	4.55574072354369	33.0
ACH-002510	2.17	0.257555239326655	1.0	0.652001972099496	3.59813047665947	22.0
ACH-001061	62.53					
ACH-000364	0.8	0.198895977447764	1.0	0.548240604187535	3.29996225846754	12.0
ACH-000670	1.31	0.225795183405638	1.0	0.654633813733719	3.07877233569682	18.0
ACH-003099	2.25	0.106758275399488	1.0	0.601806361642408	3.82473164877469	22.0
ACH-000358	1.04					
ACH-002015	2.03	0.248275062810181	0.0	0.544092367997029	2.30193471968071	31.0
ACH-000596	2.31					
ACH-002014	1.5					
ACH-002018	1.86	0.354848139482487	1.0	0.751046984145914	3.40944590473834	28.0
ACH-000516	2.35	0.354467986878037	1.0	0.827057225810189	3.94823053118569	22.0
ACH-000762	2.61	0.341176799591958	1.0	0.572238824356993	3.41322420610893	16.0
ACH-001129	1.83					
ACH-002460	1.51	0.225609996155988	1.0	0.614567663182178	2.59046050048808	23.0
ACH-000050	2.12					
ACH-000592	1.86	0.207926079431132	1.0	0.720386862519988	3.67850907041441	28.0
ACH-000688	1.35					
ACH-000381	2.27	0.365306784582056	1.0	0.628155071000396	2.98029200265082	19.0
ACH-000637	2.48	0.555093560082523	1.0	0.739478960135737	3.05148121782275	21.0
ACH-000509	2.43					
ACH-002781	2.72	0.778466188922325	1.0	0.419956361653577	2.55814892832944	30.0
ACH-003177	3.12	0.621434118365146	1.0	0.476068901122272	2.84926602957199	31.0
ACH-000870	0.53	0.21135913304117	1.0	0.522458840080712	3.1514696509177	21.0
ACH-000133	1.97	0.231527412372445	1.0	0.804206456668812	4.15183341793052	29.0
ACH-001401	2.36	0.351250756358142	1.0	0.659614885557316	3.33027006884121	19.0
ACH-000749	0.58	0.276856933544081	1.0	0.538705770791885	2.8741135027336	20.0
ACH-000044	1.91					
ACH-000831	3.47	0.50503554456765	1.0	0.644043211321155	3.48610495195127	15.0
ACH-000323	2.47					
ACH-002065	2.62	0.0949444114454489	0.0	0.145524892776732	1.925698108831	5.0
ACH-000022	2.33	0.257379096495916	1.0	0.594875530816286	3.34723523558838	22.0
ACH-000684	2.98	0.183218058981793	1.0	0.75019182680802	4.64666617988063	27.0
ACH-002672	2.24					
ACH-000522	3.04	0.372525392069885	1.0	0.785431990868863	3.60613156728619	25.0
ACH-000098	1.73	0.231707001790604	1.0	0.577598281024094	3.13346471741056	22.0
ACH-000074	3.09	0.549340495612232	1.0	0.47833971438596	2.59320528276141	28.0
ACH-001647	2.97	0.068305876518174	0.0	0.140657573939646	2.00404366306318	7.0
ACH-000890	1.32	0.437524274709173	1.0	0.684942328530878	2.9776840528728	21.0
ACH-002026	82.27	0.0130992983645924	0.0	0.019721319086289	2.08840622631686	0.0
ACH-003313	2.14	0.0355216298871315	1.0	0.42903214401802	3.5084984712931	29.0
ACH-000698	0.83	0.426060429726229	1.0	0.761917674276137	3.09728798693812	26.0
ACH-002834	2.44					
ACH-000988	81.65	0.010586814588013	0.0	0.0157955610261442	2.11981205525297	0.0
ACH-001502	1.85	0.378712572790838	1.0	0.720428679727658	2.67540879415052	19.0
ACH-002039	2.42	0.307452739823512	1.0	0.65212371473357	4.08446991620097	20.0
ACH-001280	2.01	0.0381512283673488	1.0	0.425676076480182	3.73664784335845	32.0
ACH-002708	2.13	0.197613156604551	1.0	0.441955445194969	3.73183039621796	15.0
ACH-000867	1.23	0.497954631989559	1.0	0.717964923689289	2.27552829601925	15.0
ACH-000145	2.01	0.129340283461395	1.0	0.430795904769242	3.33728261577879	18.0
ACH-000618	3.25					
ACH-002021	3.01	0.0639536843813679	1.0	0.510852005949824	3.78596047578659	26.0
ACH-000263	2.97	0.0893608118283276	0.0	0.176013837127443	2.12015834343469	6.0
ACH-000721	3.59					
ACH-002464	1.68	0.0100864319796433	0.0	0.0988730210374257	2.19581300224967	3.0
ACH-000810	1.07	0.0943410772557258	1.0	0.633897668652471	3.74090601530416	24.0
ACH-000758	1.65	0.414761985039333	1.0	0.680998172992205	4.90148439159041	37.0
ACH-002693	2.18					
ACH-002677	2.51	0.0329920619539237	0.0	0.100237912291079	2.04364472839038	4.0
ACH-000129	1.15	0.132904994872094	1.0	0.56773790802214	4.01105093756254	29.0
ACH-000647	1.51	0.284927824881362	1.0	0.718351695880356	2.88698432602105	24.0
ACH-000880	1.87	0.129832069873412	0.0	0.262884072752915	2.18578350571514	6.0
ACH-000163	0.9	0.160076586621383	1.0	0.582935558798247	3.72390537562504	19.0
ACH-000463	1.67	0.302445372757377	1.0	0.611982995232059	2.56528866421652	21.0
ACH-002705	2.15	0.339270496369633	1.0	0.613778059643582	4.21050668829948	32.0
ACH-000444	2.11	0.270487207673478	1.0	0.573589861740767	2.86660902768339	22.0
ACH-000359	2.55	0.226931491825378	1.0	0.591801511727955	3.41414808524005	23.0
ACH-001978	1.96					
ACH-003071	4.74	0.452422787909422	1.0	0.704602271328308	3.00483852045438	23.0
ACH-000807	2.84					
ACH-002498	4.08	0.254374002635729	0.0	0.537169975522291	2.46930422242161	10.0
ACH-001436	1.14	0.424323029770183	1.0	0.698782314659735	2.67671508080726	28.0
ACH-002678	2.55					
ACH-000781	2.0	0.207211693013739	1.0	0.713268586124824	4.45134042414561	29.0
ACH-001232	2.39	0.254695483923512	0.0	0.604519782002837	2.41234567147233	15.0
ACH-002059	64.18	0.0465711716563944	0.0	0.06113206723497	2.11797612171895	1.0
ACH-002052	3.19	0.307937888820695	1.0	0.559070511445849	3.04171972961383	17.0
ACH-000468	2.53					
ACH-000608	2.06	0.269725197641457	1.0	0.637355052490938	2.77191933177297	24.0
ACH-001982	2.21	0.251380272263816	1.0	0.676734410202754	3.53540580235613	26.0
ACH-001366	3.97	0.0491614063460785	0.0	0.167041105492776	2.22051007369232	3.0
ACH-000019	2.09	0.179049173322296	1.0	0.746113404649275	4.27255827381397	20.0
ACH-001385	1.43	0.0002510925743148	0.0	0.0011167424373056	2.00075972138123	0.0
ACH-000844	1.01	0.204956389339652	1.0	0.738412190330595	3.27583039842726	27.0
ACH-002651	2.55					
ACH-000221	2.2	0.414209065854247	1.0	0.613524918324818	2.76989034278172	24.0
ACH-000837	2.09	0.611766360367503	1.0	0.503213962825658	2.40139531958221	14.0
ACH-000259	1.8	0.25454139495797	0.0	0.422103747825952	2.32099038508597	8.0
ACH-000788	1.84					
ACH-002650	3.39	0.224095025936993	1.0	0.765055850976418	3.58856709761468	26.0
ACH-001188	1.88					
ACH-000792	1.91					
ACH-000804	3.09	0.0993463961736943	1.0	0.729290187909938	4.23271671515982	23.0
ACH-001813	2.01	0.0088481165675147	0.0	0.0144511272906036	2.10344828316753	0.0
ACH-001577	1.83	0.116022701017738	1.0	0.657283008586122	4.94560435511655	31.0
ACH-000441	2.22	0.228310354040235	1.0	0.564474368938461	4.01355980953328	38.0
ACH-000159	2.3	0.391216659742737	1.0	0.6435606068325	2.97387513937622	26.0
ACH-000506	0.73	0.324133229004299	1.0	0.598691643786455	3.36690471306935	21.0
ACH-000326	2.17	0.136231588777587	0.0	0.172694347270021	1.98544914157747	5.0
ACH-000422	1.1	0.274122591962512	1.0	0.519400673066858	3.06306703321101	18.0
ACH-000348	1.15					
ACH-000471	2.7					
ACH-001994	2.06					
ACH-000235	2.52	0.28240570688696	1.0	0.448036363191695	2.83857383260874	20.0
ACH-000477	1.89	0.154135979184851	1.0	0.710466452297271	3.99242437676638	26.0
ACH-000383	2.63	0.262474419617128	1.0	0.852411665550715	4.74532212587579	30.0
ACH-002778	2.6	0.424806498064544	1.0	0.767529499500362	4.00350358534344	30.0
ACH-001481	1.49	0.175060801752445	1.0	0.668202771208557	4.17886804683472	21.0
ACH-000060	1.73					
ACH-002345	2.75					
ACH-003181	2.02	0.101839545252551	0.0	0.168125019450351	1.97857185737744	6.0
ACH-000974	81.24					
ACH-000313	2.51	0.158654980215182	0.0	0.329386743062717	2.01897414136835	8.0
ACH-000747	1.67	0.398070624601806	1.0	0.706049309217329	2.46432189368751	20.0
ACH-001793	1.34					
ACH-001609	2.85	0.498301902458606	1.0	0.66810235440175	2.14720802474476	14.0
ACH-000683	3.28	0.459385129099858	1.0	0.754534427270675	3.34390918717669	21.0
ACH-002003	2.38	0.315248662877361	1.0	0.608005081188945	2.88578374560761	18.0
ACH-000415	2.48	0.340512565233467	1.0	0.545467937689635	2.97569180331299	21.0
ACH-000288	2.06	0.579820642658274	1.0	0.611229022891	2.98596651633686	24.0
ACH-000439	2.55	0.0675668408283273	0.0	0.198200704525997	2.09100439999903	8.0
ACH-001667	1.85	0.112536289797184	0.0	0.17277346833848	2.03601155600008	9.0
ACH-003180	2.75	0.326413950122949	1.0	0.734581689683598	3.68825418130164	27.0
ACH-000301	1.47	0.222063011802393	1.0	0.511611107209684	3.28290150851459	19.0
ACH-001465	2.03	0.0532733223038388	0.0	0.130361209950859	2.18511664084725	4.0
ACH-000859	2.07	0.109548184724771	1.0	0.785066829295773	4.93946212754899	29.0
ACH-002060	13.59	0.0396432335924126	0.0	0.0495182960797265	2.06297005991859	0.0
ACH-000190	1.98	0.364401743297237	1.0	0.613234264357029	2.49588379733746	19.0
ACH-000954	62.77					
ACH-002709	4.15					
ACH-000711	2.57	0.42215449385511	1.0	0.755342182142611	2.93996686678597	22.0
ACH-001442	1.91	0.0912324380524481	0.0	0.225603497259657	2.21673900155896	10.0
ACH-000517	2.48					
ACH-001818	1.65	0.0018718050351318	0.0	0.0020327816181122	1.99710387141242	0.0
ACH-000210	2.58	0.0102534297028727	0.0	0.0956565090835877	2.21465803763157	4.0
ACH-000583	2.8	0.0188701412917483	0.0	0.244820072189148	2.222989532982	10.0
ACH-000996	4.17					
ACH-000791	2.26					
ACH-000919	88.77					
ACH-000492	2.4	0.0175609791454443	0.0	0.021580010864251	2.10436669382491	0.0
ACH-000533	1.57	0.0144263102395637	0.0	0.0146544968319905	1.99872074340514	0.0
ACH-001611	2.72	0.220445679121709	1.0	0.688725410397425	3.40825470625317	23.0
ACH-003221	3.14	0.720278704788522	1.0	0.0140370599952944	3.11731060910303	0.0
ACH-000448	1.07	0.217473529043635	1.0	0.536528407391935	3.28592800280004	20.0
ACH-002544	3.36	0.496616843822787	1.0	0.591790154036472	4.77571977543961	33.0
ACH-000679	2.04	0.289814867901876	1.0	0.765195574806277	3.50363779748636	26.0
ACH-003067	2.13	0.0239493658427852	0.0	0.0250545104197004	2.09064574910816	1.0
ACH-000612	4.71	9.55882348515629e-05	0.0	0.0009802090716037	2.001553760496	0.0
ACH-001990	1.98	0.124581977266415	0.0	0.516953529276318	2.47520277196332	17.0
ACH-000143	1.84	0.0497796204081276	0.0	0.0578540341998417	2.05346590848069	2.0
ACH-000816	0.84					
ACH-002084	2.73	0.222619054235658	1.0	0.601133447539921	3.59194024224047	24.0
ACH-001863	1.97	0.442246468073471	1.0	0.642803073846951	3.28128306200097	28.0
ACH-000730	1.3	0.106847652943949	1.0	0.533115968755956	3.49225822824286	18.0
ACH-000295	1.99	0.14347732203512	1.0	0.675676830038077	4.9380871219425	25.0
ACH-000096	1.21	0.0139547473860718	0.0	0.0139679435851263	1.99819997173456	0.0
ACH-000352	1.61	0.325982044371775	1.0	0.69693542612651	3.93652853285202	25.0
ACH-001100	2.56	0.0796896964163876	0.0	0.238686839548818	2.6485870434964	32.0
ACH-000040	2.56					
ACH-002459	1.55	0.257494897749903	1.0	0.5259856707209	2.8053953250755	18.0
ACH-000228	2.35	0.490578963197723	1.0	0.694590923132011	4.83624724189381	35.0
ACH-001680	2.47	0.0811848030545542	0.0	0.245592430074804	2.17788180261678	6.0
ACH-000338	2.28	0.111775708229953	1.0	0.624800331952518	3.60525996094114	24.0
ACH-000308	1.6	0.375162530202515	1.0	0.702412040130965	3.02916084998445	23.0
ACH-000373	2.09	0.0911164290052369	0.0	0.207568819429108	1.96247617274707	9.0
ACH-000969	89.35					
ACH-000264	2.05	0.33950540899466	1.0	0.493142535026168	2.82957608051606	19.0
ACH-000375	2.19					
ACH-000334	1.4	0.112616191733335	1.0	0.580333909952572	3.09807642693142	22.0
ACH-000367	1.2					
ACH-000167	2.77	0.0551462486432873	0.0	0.148598684782991	2.22759596820008	4.0
ACH-000265	2.74	0.295413826639014	1.0	0.499788648101439	3.12937306377643	13.0
ACH-000371	3.0	0.0958005791609445	0.0	0.229103893153677	2.10547067778311	7.0
ACH-000460	3.5					
ACH-001705	2.16	0.465267397240422	1.0	0.745446779745314	3.14165374281009	30.0
ACH-000095	14.64	0.0606705910706843	0.0	0.158578135932264	2.11165563587352	4.0
ACH-001085	2.41	0.197732245660939	1.0	0.499392846136864	3.06676765511568	18.0
ACH-002001	2.76	0.323928462618069	1.0	0.589951116303745	2.91868609605726	17.0
ACH-000013	2.31	0.183226296931496	1.0	0.465926361274211	3.33515166930309	20.0
ACH-000023	1.43	0.260960840668605	1.0	0.521920307465826	3.17008567415169	23.0
ACH-000754	2.97	0.30810930901225	1.0	0.675598832182303	4.65282682025462	33.0
ACH-000132	0.44	0.341390087525572	1.0	0.658236839999398	3.77279378266231	18.0
ACH-000857	1.79	0.496092949208805	1.0	0.667002950653404	2.84164318715107	22.0
ACH-000059	2.32	0.0337711949000221	0.0	0.0882376867386589	2.03424529596828	2.0
ACH-000768	2.14	0.252085598186868	1.0	0.447448772474867	3.01104603556343	17.0
ACH-000830	0.85					
ACH-000151	2.13	0.172340615360938	0.0	0.441363903310694	2.33393451618111	11.0
ACH-001548	2.01					
ACH-001984	2.48					
ACH-001228	2.08	0.285920412705711	1.0	0.659912004597963	3.17914968564415	24.0
ACH-000585	2.52	0.433310266253012	1.0	0.774331956870691	3.35407957595114	24.0
ACH-000429	3.84					
ACH-000793	1.81					
ACH-000586	1.23	0.416017620820876	1.0	0.694439025206109	2.62232003096575	28.0
ACH-000179	0.78	0.177828796373704	1.0	0.476432957074356	3.20147113377167	20.0
ACH-001979	1.99	0.147474729498258	1.0	0.52289733471049	3.28007471607349	18.0
ACH-000882	2.44	0.112440778459057	1.0	0.515292026947045	3.25201762448138	20.0
ACH-000620	1.97	0.107264394948073	1.0	0.759696106646507	4.3291777378226	26.0
ACH-000872	2.17	0.316628166977497	1.0	0.634225200666128	3.84788049014364	31.0
ACH-000037	2.81					
ACH-000146	2.52					
ACH-000192	1.1	0.331896334974356	1.0	0.761670183357371	3.12951222199072	28.0
ACH-000189	3.27					
ACH-001275	2.68	0.0506876186961454	0.0	0.163666170049978	2.21082696753582	5.0
ACH-002485	2.56	0.254321872129115	0.0	0.312779960936542	1.93328584653629	9.0
ACH-000498	3.02	0.0703888572744996	0.0	0.211174480909777	2.12551720898664	6.0
ACH-000520	1.48	0.380938727489735	1.0	0.680768196940633	3.02242189616613	26.0
ACH-002283	3.9	0.147085157380854	0.0	0.246068180316891	2.11517993829977	6.0
ACH-000456	2.3	0.169205708154577	1.0	0.476596480774234	3.35346436996103	17.0
ACH-001704	1.55	0.141834206040228	1.0	0.645016963233029	4.87615619329108	35.0
ACH-001036	3.25	0.099139817850544	1.0	0.609371581613822	3.78075247797335	21.0
ACH-000676	2.04	0.36065958655362	1.0	0.782485346398799	4.0500318083404	20.0
ACH-002446	2.71	0.342096684176055	1.0	0.824713242921202	4.71775930969931	32.0
ACH-000276	1.85					
ACH-000614	1.11	0.153992864060107	1.0	0.386418913531457	3.23372759680988	15.0
ACH-001494	2.6	0.174017882422328	1.0	0.528866268617768	3.12299520548061	18.0
ACH-002668	2.8	0.141259330287549	0.0	0.173997818636372	1.96523116018761	4.0
ACH-000478	1.84	0.266171987828682	1.0	0.719186288904245	4.45466412569342	31.0
ACH-000852	1.05					
ACH-002080	2.69					
ACH-000720	2.29					
ACH-000008	1.43	0.361243410943431	1.0	0.599785051108331	2.94907201851044	24.0
ACH-000147	1.1	0.463971129705898	1.0	0.556114696910905	3.06671895755229	28.0
ACH-000070	1.92	0.0321775344513802	0.0	0.0901787316056755	2.03163617905495	2.0
ACH-000861	2.04	0.327734948701663	1.0	0.681515188389793	4.76469813659166	25.0
ACH-000845	3.46	0.318359106670895	1.0	0.671911760989257	3.11043691336313	26.0
ACH-002523	2.12	0.140040358523159	1.0	0.545986568099431	3.27063739820647	20.0
ACH-000979	55.11	0.283468066162924	1.0	0.526305415777389	2.77115361130211	18.0
ACH-000202	2.34	0.423575562743459	1.0	0.661723395663286	2.74423367244179	28.0
ACH-001020	2.35	0.0136508149684892	0.0	0.0140095374091088	1.99944557079728	0.0
ACH-000977	61.83	0.0349102439062755	0.0	0.035851204562944	1.97199359864931	0.0
ACH-000226	2.48					
ACH-000372	2.81	0.105474423557852	1.0	0.422936980204971	3.97311281816699	15.0
ACH-002069	4.43					
ACH-003187	2.3	0.368801147537387	1.0	0.640520769053514	2.91542728206415	23.0
ACH-000182	3.96	0.334402857080787	0.0	0.413621666334565	1.93638045101164	15.0
ACH-003273	2.08	0.0882567937272352	0.0	0.259586963424253	2.15992525014922	11.0
ACH-001573	3.22					
ACH-000718	2.04	0.281168199770615	1.0	0.627886289154839	3.12244747513488	23.0
ACH-002070	2.3	0.245877265958632	0.0	0.293985350517117	2.16667641394797	2.0
ACH-000623	1.95	0.141439094891444	1.0	0.564802957216618	3.31393273537429	23.0
ACH-000083	1.02	0.000104944792031	0.0	0.0008379238792	2.00091519969383	0.0
ACH-002130	0.37	0.0915725579959546	0.0	0.169944973429483	2.0145929603972803	4.0
ACH-001698	3.33	0.125406145099755	1.0	0.507822985080296	3.21102928954154	19.0
ACH-002307	2.04	0.143388725030245	0.0	0.263101450093143	2.1189132157512	5.0
ACH-001002	1.13	0.446852705089178	1.0	0.798061919435356	4.3211738374071	25.0
ACH-002230	1.19					
ACH-000254	1.21	0.249930795060813	1.0	0.835994412900745	4.87644001061367	30.0
ACH-001632	2.46	0.266415950244555	0.0	0.394732670725755	1.9087512649206697	13.0
ACH-000543	1.44	0.111216018605136	1.0	0.513559723756801	3.61402986628704	32.0
ACH-001655	3.04					
ACH-002376	0.74	0.0025900342645779	0.0	0.0279737167379301	2.0379627832648	0.0
ACH-000412	2.02	0.325244369836905	0.0	0.569263120718517	2.12687612638554	13.0
ACH-002195	0.65	0.292851603703326	1.0	0.608826689259052	3.09841325447274	24.0
ACH-001654	4.79	0.169192261661491	0.0	0.649927494902579	2.61794854860584	25.0
ACH-001380	3.97	0.285450224047371	1.0	0.554582209386257	2.98627562510265	23.0
ACH-000124	2.42	0.0557696473318693	0.0	0.105136491402318	2.03367202348945	3.0
ACH-001048	1.18	0.201127185533569	1.0	0.572741085292929	3.2351697383829303	21.0
ACH-002122	1.06	0.685307273215902	1.0	0.485214761475204	2.3489868999107	11.0
ACH-002121	0.98	0.219599615554032	1.0	0.558650412307868	2.93677035285337	18.0
ACH-002117	0.41	0.0334588258889732	1.0	0.572015531367392	4.54071655726688	35.0
ACH-001627	3.73	0.087899931379599	0.0	0.155481055221115	2.0145750862637	4.0
ACH-002123	0.82	0.192543967304603	1.0	0.616995609028416	3.55491400313265	23.0
ACH-000134	1.59	0.0002274249271604	0.0	0.0003324817750817	2.00010532396877	0.0
ACH-002198	1.42	0.345044336147437	1.0	0.656433852997047	2.83660030551545	15.0
ACH-001490	0.51	0.2085844967732	0.0	0.321849603982994	1.92042653423358	9.0
ACH-002139	1.48	0.153333233436999	1.0	0.677201973338211	3.76686435409834	25.0
ACH-001495	3.92	0.152325697300722	0.0	0.53429820335289	2.48826485538353	14.0
ACH-000255	1.46	0.395093627525129	1.0	0.693165157762064	2.6358675565448504	25.0
ACH-001125	0.69	0.404051771115496	1.0	0.651736122173529	4.259925795785351	34.0
ACH-002358	0.97	0.0013273049695599	0.0	0.026652047403744	2.04156698740297	0.0
ACH-001767	4.42	1.67005754281615e-05	0.0	0.0002471982320533	2.00019916031172	0.0
ACH-000787	1.11	0.422046759435447	1.0	0.592935869927171	3.1032597590594304	17.0
ACH-000722	1.73	0.261139783517077	1.0	0.569332430700406	3.44383418103903	20.0
ACH-002141	2.09	0.397269728222176	1.0	0.648455744558443	3.21517918382661	18.0
ACH-000245	1.71	0.0371587540065984	0.0	0.178877921051569	2.15608994819354	6.0
ACH-003429	5.59	0.411693135037549	1.0	0.659018129443717	2.93239840215428	28.0
ACH-002284	0.77	0.0985156658168619	0.0	0.187627641312832	2.09522397339488	4.0
ACH-000236	1.5	0.283213312122207	1.0	0.634744523459263	3.00456095764215	24.0
ACH-002352	1.46	0.0045402956072985	0.0	0.0230984324510605	2.0333244203859	0.0
ACH-002058	1.98	0.097720541963046	1.0	0.615108219759699	4.039186296797681	21.0
ACH-002264	1.12	0.548001910850544	1.0	0.757383046081438	4.274257922190451	23.0
ACH-000432	1.18	0.0457237055470033	0.0	0.12553616432745	2.16275337270497	3.0
ACH-001523	4.25	0.172573219133922	1.0	0.663448326505116	3.57440217541212	28.0
ACH-001093	1.59	3.38475050124892e-06	0.0	0.0003822632277777	2.00036307496475	0.0
ACH-002296	1.38	0.31295706506276	1.0	0.746204726060556	3.04740027921902	26.0
ACH-001552	3.59	0.0401327605739814	1.0	0.702346355570365	4.933151804835809	32.0
ACH-002317	2.77	0.0214905936561735	1.0	0.470828344437768	4.12018052627126	15.0
ACH-000303	1.24	0.210512399303375	1.0	0.681106066353512	4.1473261614864505	19.0
ACH-000873	1.06	0.927532528930369	1.0	0.601649479917161	3.125679140617029	20.0
ACH-000105	1.79	0.009640671659513	0.0	0.138007861798031	2.12225220513962	6.0
ACH-002211	1.95	0.21168829942127	0.0	0.37056329309598	2.22805489590834	8.0
ACH-001515	4.58	0.145411510242077	1.0	0.687914594779037	4.89654410210213	26.0
ACH-001392	2.92	0.484936438982725	1.0	0.609844711934514	2.57234822203051	23.0
ACH-000178	1.77	0.340693553739524	1.0	0.692954248492704	2.52446579469302	25.0
ACH-002397	1.71	0.331307542722921	1.0	0.842251234883016	4.12673991089839	23.0
ACH-000125	1.53	0.0	0.0	0.0004315552921815	2.00039521757927	0.0
ACH-000100	3.87	0.0991016881940248	1.0	0.480121573183237	3.2575507492732	20.0
ACH-001289	5.31	0.0134709560006091	0.0	0.0135110154389889	1.99889510083629	0.0
ACH-001852	4.1					
ACH-000933	68.55	0.038182140883743	0.0	0.176599761333238	2.0543138506232803	6.0
ACH-001024	1.14	0.126509009226772	1.0	0.59450012244773	3.5877374445435204	24.0
ACH-000984	91.33	0.0809736296362968	1.0	0.598840237721209	3.58841526867961	23.0
ACH-003470	4.25	0.745426988675633	1.0	0.32146082315317	2.25203015157385	9.0
ACH-001416	3.72	0.20674712098374	1.0	0.72663975446406	3.99242655426536	25.0
ACH-000396	0.56	0.150988665468608	1.0	0.599680709608528	3.3349153988781204	21.0
ACH-001412	3.68	0.337725950107085	1.0	0.693717572959337	3.52861945693378	32.0
ACH-002104	0.62					
ACH-001751	4.02	0.0898724651564628	1.0	0.551106837963147	3.68817023228081	30.0
ACH-000999	75.95					
ACH-002181	3.0	0.363068982365896	1.0	0.683076307987219	2.80115746054932	28.0
ACH-001843	3.25					
ACH-001355	1.07	0.114349084307869	0.0	0.262446333230316	2.06275807798821	8.0
ACH-000553	1.59	0.312305044401421	1.0	0.661134286623066	3.04674558897331	21.0
ACH-001374	5.87	0.0020388108924486	0.0	0.004843533555166	2.00075766875518	0.0
ACH-002366	1.08	0.0117931821025137	0.0	0.0999750082480513	2.11909489768673	2.0
ACH-002384	1.64	0.0020542444660386	0.0	0.0313913118534703	2.04519829626167	0.0
ACH-002364	1.55	0.0517457622398566	0.0	0.0807301030388464	2.04935389185316	0.0
ACH-002286	1.7	0.338679280450894	1.0	0.700625727875993	2.97073239925704	23.0
ACH-000205	1.95	0.248905697866685	1.0	0.658721223058802	3.42836420725657	23.0
ACH-001522	3.75	0.439550576659312	1.0	0.67619920406804	3.03644468765106	28.0
ACH-000346	0.88	0.0162165742922451	0.0	0.154183925857883	2.14989008817633	4.0
ACH-000531	1.32	0.0048982968244626	0.0	0.0048983179911473	1.99999588791412	0.0
ACH-001549	3.37	0.361948589702374	1.0	0.521266419185634	4.86563919076792	37.0
ACH-000379	0.85	0.439528799650993	1.0	0.642856513675258	2.63548649008529	28.0
ACH-000561	2.19	0.328374340283707	1.0	0.783429837820033	3.9325955771921097	29.0
ACH-002114	0.62	0.0891681582065692	0.0	0.139562790042291	2.03970515635022	3.0
ACH-000266	1.79	0.145693655207902	1.0	0.421219645564669	3.02689748684016	18.0
ACH-000458	2.42					
ACH-002266	0.63	0.337924917796952	1.0	0.798308482499406	3.38880489563014	23.0
ACH-002293	1.84	0.0618335223899055	0.0	0.135506068580208	2.05400485645024	3.0
ACH-001456	4.35	0.182247341612686	1.0	0.62691199846342	2.9950518110114404	26.0
ACH-000214	1.88	2.69538406555736e-05	0.0	2.69572214280592e-05	1.99986575839055	0.0
ACH-000173	1.97					
ACH-001208	1.42	0.494445586182228	1.0	0.749812582375294	4.77240203746433	34.0
ACH-000562	1.41	0.0021980326612989	0.0	0.196188547119654	2.2487733134904	6.0
ACH-002368	1.31	0.0052589743481734	0.0	0.138222758337083	2.14862867721626	6.0
ACH-002216	1.42	0.0986644972134773	1.0	0.379495096761614	3.77546736815485	14.0
ACH-001034	5.56					
ACH-001485	7.28	0.0086134348487204	1.0	0.181533435342142	4.20165889072559	7.0
ACH-000180	1.69	4.0527491184581e-05	0.0	4.05300968961368e-05	1.99987183251801	0.0
ACH-001960	3.2	0.133049343683763	1.0	0.475072839208695	3.25309671065014	18.0
ACH-002220	1.04	0.0609958235300072	0.0	0.300546730284648	2.327843479503	11.0
ACH-001997	3.25	0.152828917077975	1.0	0.432319270092571	3.20304112539137	18.0
ACH-002305	1.18	0.30698585659812	1.0	0.646948462237822	3.15773602244686	22.0
ACH-000998	83.72	0.0030838461928574	0.0	0.0251386037558541	2.03656925531946	0.0
ACH-002386	1.2	0.494888246636773	1.0	0.688569980143287	2.7722405449299403	27.0
ACH-002302	1.29	0.0541029891233926	0.0	0.113410033344879	2.07110036819723	1.0
ACH-002313	1.22	0.319943035527488	1.0	0.689296094613782	3.22479815358931	26.0
ACH-000677	1.18	0.246197680628873	1.0	0.693911226510184	3.4667670252773304	27.0
ACH-000489	1.21	0.299386436053795	1.0	0.636412626700718	2.79879668720302	23.0
ACH-000944	3.95	0.0741501880624802	0.0	0.18408622362823	2.05170682477572	5.0
ACH-002297	0.91					
ACH-001409	4.69	0.273887019738904	1.0	0.634450721348948	3.26459125517695	25.0
ACH-001569	3.64	0.104846547396094	0.0	0.321560047345876	2.18538351142995	10.0
ACH-000902	0.97	0.162129765446059	0.0	0.308987369481696	2.14353492137724	9.0
ACH-000268	2.55	0.0741464190385594	1.0	0.579328644943601	3.2715082924333503	19.0
ACH-000423	0.75	0.274881295449245	1.0	0.762241596469881	4.01815946264263	21.0
ACH-001558	4.2	0.288170281658398	1.0	0.628336149645219	3.2189092273462303	17.0
ACH-000685	4.41	0.476235736863913	1.0	0.627430843352386	2.27495118869463	14.0
ACH-000136	1.16					
ACH-002210	1.06	0.101163065409676	0.0	0.182119977888792	2.07540344482423	5.0
ACH-000851	4.03					
ACH-000446	2.1	0.242014780738092	0.0	0.557772609182671	2.31047410931374	13.0
ACH-000806	1.49	0.180461414562126	1.0	0.520023633119021	3.10452961532149	14.0
ACH-002132	0.45	0.308124010068605	1.0	0.599012466818972	3.41355127868978	29.0
ACH-002223	1.28	0.170064514497724	1.0	0.550215719456652	3.86292982401336	12.0
ACH-000884	3.68	0.438994944630451	1.0	0.59372093441667	2.59761631533906	20.0
ACH-001687	3.34	0.418143822476905	1.0	0.703469229362983	4.83719733308993	33.0
ACH-000392	1.96	0.316103917767417	1.0	0.73017976201872	3.01684560583305	22.0
ACH-001542	3.73	0.293528539186465	1.0	0.545356878613518	2.9195697279115804	21.0
ACH-002128	0.53					
ACH-001498	41.91	0.0007004339857349	0.0	0.0175733406745626	2.03454054736053	0.0
ACH-001203	33.74	0.212286435484478	0.0	0.374772846685815	2.09115554711048	9.0
ACH-000733	0.79	0.625234194772095	1.0	0.718036044084942	3.3224659273590804	27.0
ACH-001229	3.56	0.0984427893508565	0.0	0.250648086178059	2.04245931353342	10.0
ACH-002189	29.69	0.107779454394486	0.0	0.228519526822472	2.16210435903909	7.0
ACH-002361	1.31	0.0085236861994238	0.0	0.0499628637385954	2.06048311118096	1.0
ACH-000482	0.73	0.26874838751205	1.0	0.595418152422288	3.17294983719145	21.0
ACH-000339	4.73	0.252613452297867	1.0	0.562196058833213	2.6561659805316	25.0
ACH-002275	39.7	0.0289206783882519	0.0	0.112756960508743	2.09296078209089	2.0
ACH-002096	0.8	0.211735750804981	1.0	0.469985725472998	2.85724136134444	16.0
ACH-002380	0.86	0.0032088839561133	0.0	0.0345590587221508	2.05565908669432	0.0
ACH-000565	1.52	0.251278372078442	1.0	0.575058266721298	3.20447882999524	17.0
ACH-002180	1.16	0.236544425477972	1.0	0.363067468467936	4.19479915216872	6.0
ACH-000897	34.31	0.656025094358487	1.0	0.582884504892648	2.45124597674884	17.0
ACH-002267	1.85					
ACH-002224	0.75	0.0875554518085175	0.0	0.209756824310736	2.19989417585016	4.0
ACH-002182	1.0	0.212501524608313	1.0	0.53435318700481	2.8331261370715697	21.0
ACH-001438	4.39					
ACH-002375	1.22	0.0024409478022304	0.0	0.03025822332246	2.04411093589486	0.0
ACH-002091	0.78	0.228742444562557	1.0	0.638260254630714	2.8405723426934	21.0
ACH-001415	3.41	0.234631236252709	1.0	0.806765619934134	4.0367198911461495	26.0
ACH-000824	0.98	0.435628619539069	1.0	0.829635643079261	3.94001553308337	20.0
ACH-000590	1.94	0.331137342400285	1.0	0.696379043837449	2.60471809643102	32.0
ACH-000828	2.2	0.123988682529077	1.0	0.511528915808146	3.98442639759555	19.0
ACH-002134	0.73	0.348965099282444	1.0	0.452528874451541	3.5149986109270204	15.0
ACH-000252	1.36	0.227518915799788	1.0	0.42027743636329	3.1221625465171097	15.0
ACH-000224	1.28	0.0003040177785099	0.0	0.0003040330735531	1.99983052938372	0.0
ACH-002149	1.56	0.0612309667112422	0.0	0.0831343486371512	2.00658140084202	2.0
ACH-001402	3.88	0.0888479886850256	1.0	0.718263873212353	3.480960941807	19.0
ACH-000686	2.77	0.271363818740735	1.0	0.612486369569616	3.0320938805068702	26.0
ACH-002246	0.32	0.0054863099568397	0.0	0.0557276544843075	2.06809736146141	3.0
ACH-001113	4.88					
ACH-000717	2.65	0.343746375918375	1.0	0.680167766917302	3.16454278835295	24.0
ACH-000135	1.41	3.46078358857662e-07	0.0	3.46506785700807e-07	1.99998580197061	0.0
ACH-001414	3.42					
ACH-001555	4.54	0.2964112388996	1.0	0.654045200495748	3.1463081709275498	21.0
ACH-001541	3.57	0.288383609372429	0.0	0.390863906804253	1.92943844629847	11.0
ACH-002161	1.33	0.442565069369449	1.0	0.656298853265655	2.33665539044775	15.0
ACH-003430	4.27	0.131721440034647	1.0	0.604091084839789	3.23645686143199	22.0
ACH-000825	3.15	0.34870422825303	1.0	0.80099106275329	4.19140222863011	24.0
ACH-002377	1.56	0.006660517482879	0.0	0.028666107416814	2.03472314588081	0.0
ACH-001603	1.88	0.0407224605652898	0.0	0.123287971201219	2.05712497253049	4.0
ACH-000027	1.2	0.113261874340376	0.0	0.260037059979558	1.86081044132531	9.0
ACH-002119	0.89	0.0776678210694549	0.0	0.455045097607472	2.53045321626016	25.0
ACH-002360	0.87	0.0098878508245774	1.0	0.053886772589178	4.10379648063092	0.0
ACH-001672	4.33	0.302650007051031	1.0	0.665825831448641	2.6471963960156804	25.0
ACH-002151	0.66	0.554960607429948	1.0	0.573986849236695	2.73938531175139	19.0
ACH-001605	4.72	0.390886375200351	1.0	0.611365854104694	2.7874419300949502	27.0
ACH-001453	2.74	0.0633290349156995	1.0	0.477086107282628	3.2499203654001803	18.0
ACH-000442	0.86	0.275983369027893	1.0	0.581271367800098	3.1000404635930496	22.0
ACH-002143	1.02	0.233805498690865	1.0	0.682856537874581	3.70329253326913	29.0
ACH-001418	3.56					
ACH-000895	81.92	0.0412761904244367	0.0	0.114212252068417	2.0378791329397	4.0
ACH-002249	0.84					
ACH-002250	1.3	0.319885229374432	1.0	0.640542909207194	3.39406061242091	23.0
ACH-000908	83.61	0.0163595921059471	0.0	0.235464956558848	2.28541475456392	7.0
ACH-002374	0.99	0.0025134740777551	0.0	0.0313075272500286	2.04653367976661	0.0
ACH-000267	0.88	0.257624024561248	0.0	0.343538830130815	2.01550592676351	10.0
ACH-000161	0.89					
ACH-002289	0.96	0.0593188173906903	1.0	0.490332791176251	3.6497144063026297	19.0
ACH-001364	0.8	0.355753466565676	1.0	0.486546967576315	2.8146853446068	17.0
ACH-002108	0.71	0.232482711138559	1.0	0.574451821953716	3.2895887789130898	20.0
ACH-001539	4.48	0.147908769831842	0.0	0.232349054284691	2.03118735393587	4.0
ACH-000495	1.59	0.248632177303332	0.0	0.578760750775023	2.45702262803894	19.0
ACH-001378	4.13					
ACH-002146	1.13	0.492571896891633	1.0	0.67501749080592	3.9204197127215696	17.0
ACH-002285	0.79	0.249587078778031	1.0	0.520493382387709	3.21350258246568	20.0
ACH-001839	6.34	0.395083200535103	1.0	0.69550644659439	3.55799120022532	23.0
ACH-001233	0.85	0.377410981665044	1.0	0.703303872297552	2.6264461361520097	24.0
ACH-001411	4.05	0.180160129140046	1.0	0.621061774171641	2.77020034244813	19.0
ACH-002174	1.25	0.308461785984332	0.0	0.501159801445373	2.16921218344652	10.0
ACH-000225	1.52	0.407920710252535	1.0	0.657412596970281	2.36813628193991	15.0
ACH-002389	0.55	0.392864967036227	1.0	0.764382654698684	4.02455630831731	25.0
ACH-002089	3.01	0.222602250810504	1.0	0.605490254647256	3.43549180427832	22.0
ACH-000789	2.84	0.43954262186342	1.0	0.707692946352026	2.75435179846007	26.0
ACH-000501	1.19	0.23981026847224	1.0	0.704378869991016	2.93464497301971	26.0
ACH-002466	3.86	0.0003684890056579	0.0	0.166157335471189	2.16583989643659	7.0
ACH-002168	0.93	0.172798483623608	1.0	0.466387324251387	3.8758524181631	15.0
ACH-000006	1.27	0.0810615186652163	0.0	0.190794888208945	2.05966413874506	8.0
ACH-003469	4.69	0.0964133624541957	1.0	0.577358851120649	3.48705125827003	23.0
ACH-001756	3.76					
ACH-001403	3.76	0.392346635855354	1.0	0.687716343592854	2.91303900023054	26.0
ACH-000131	0.84	3.38441896060557e-05	0.0	3.38452613486623e-05	1.99992062886233	0.0
ACH-002461	3.36	0.156929663892194	1.0	0.342017318244357	3.11962443527185	12.0
ACH-002218	1.06	0.0108743387503441	0.0	0.077955890953672	2.11346340503226	1.0
ACH-001686	4.69	0.172090886839549	0.0	0.248101811024705	2.09575993403359	6.0
ACH-000715	2.21	0.17124115519872	0.0	0.300038737181216	2.03930171347596	7.0
ACH-002173	0.64					
ACH-002937	4.22	0.0001389412273869	0.0	0.0135158582301928	1.98784039238216	1.0
ACH-002167	1.38					
ACH-001137	0.86	0.308748193912237	1.0	0.818888478979739	4.455130469861389	25.0
ACH-000305	1.27	0.433258682260663	1.0	0.847154620997567	4.781243753789901	25.0
ACH-001206	1.29	0.0816788139536865	1.0	0.494689148568823	3.0172125587187097	19.0
ACH-001500	5.3	0.31989100230705	0.0	0.434545703902067	2.07588747678441	8.0
ACH-002150	8.99	0.515549985824004	1.0	0.506487757786358	2.68679262465846	28.0
ACH-002129	1.14	0.354359904772046	1.0	0.58789196319914	2.78978179749237	19.0
ACH-000558	0.77	0.164668615930218	1.0	0.661675661517454	3.63334009226378	19.0
ACH-001127	68.06	0.0386138758802008	1.0	0.350116381042872	4.23995835416676	13.0
ACH-002312	1.76	0.537847649589284	1.0	0.536815331840531	2.6727328797614103	25.0
ACH-000241	1.39	0.0290214889536726	0.0	0.126367948033168	2.07567439658207	4.0
ACH-001708	4.86	0.0246047914615008	0.0	0.123849687656382	2.10554790805703	4.0
ACH-000893	0.75	0.554149438249143	1.0	0.766424432174561	3.10593470584562	26.0
ACH-002209	1.59	0.0168201720504558	0.0	0.494162802540934	2.5786354796766098	19.0
ACH-002363	1.06	0.343058695037451	1.0	0.697435135749191	2.8843047982544303	20.0
ACH-002226	0.58	0.18556680785591	1.0	0.628379719730944	3.35250400782992	20.0
ACH-000197	1.73	0.0509170126336017	1.0	0.482328631554318	4.05696014633201	17.0
ACH-001760	4.07	0.322901325978254	1.0	0.748570813587508	3.81696119097278	23.0
ACH-000240	1.93	8.14766008919833e-05	0.0	8.14815006322888e-05	1.99986387968361	0.0
ACH-000073	1.4	0.096493026667846	0.0	0.119469748899411	1.93056689914572	6.0
ACH-003476	3.84	0.0798086060537885	1.0	0.512549895990273	3.56819791114699	24.0
ACH-001021	0.78	0.12222904935269	0.0	0.386936632061204	2.34014078941481	11.0
ACH-001331	0.96	0.171377981680603	0.0	0.278601314283426	2.07105902611377	6.0
ACH-002261	1.3					
ACH-000157	4.67					
ACH-002171	3.09	0.418287533302115	1.0	0.728178934980814	2.7501168426004203	25.0
ACH-000743	0.72	0.15986478972429	1.0	0.457420655757667	2.9748496550761003	19.0
ACH-000451	0.95	0.38456510375615	1.0	0.730501338404548	2.9966803871765	25.0
ACH-001857	3.46					
ACH-000043	1.63	0.0002284201272354	0.0	0.0002869670832403	1.99991108096336	0.0
ACH-000296	4.2	0.225930717591764	1.0	0.500865669130273	2.8110591340823103	17.0
ACH-000149	1.49					
ACH-000193	1.55	0.226806556012336	1.0	0.684044799737316	2.99182809701177	23.0
ACH-002221	2.31	0.0715566887668657	0.0	0.220663276536164	2.17382085227713	5.0
ACH-002419	3.54	0.0006340264654655	0.0	0.0065487942100667	2.01022293405832	0.0
ACH-000518	1.07	0.121805922315842	0.0	0.279891569374674	2.19941180088486	11.0
ACH-000549	1.66	0.110379582954121	1.0	0.65939444330086	3.74508264082754	27.0
ACH-000611	2.19	0.102816601946167	0.0	0.239566379729658	2.10441465922709	7.0
ACH-002159	0.47	0.207806679285072	1.0	0.535205565443591	3.14409235258032	16.0
ACH-000119	1.68	2.62816549994483e-05	0.0	2.62829812782732e-05	1.9999058921536697	0.0
ACH-002298	1.32	0.284241808867577	1.0	0.619996934597656	3.36014397437639	19.0
ACH-003475	3.18	0.0766406922793308	1.0	0.474686802431544	3.39062737071952	22.0
ACH-001819	3.04	0.422678116621988	1.0	0.699270207684557	2.7352987195887595	32.0
ACH-001858	3.64					
ACH-000055	6.24					
ACH-000443	1.81	0.331084385589134	0.0	0.524952347937619	2.06824285909208	17.0
ACH-002115	0.53	0.0589430667944249	1.0	0.4780144407762	4.77882816018516	34.0
ACH-001613	3.55	0.069659042898287	0.0	0.172131754103342	2.07730092113939	4.0
ACH-000271	2.96	0.0663102591235163	0.0	0.125743229650605	2.0464474752828203	2.0
ACH-000112	1.51	2.76764914179641e-05	1.0	0.533541799761668	3.49112797689789	20.0
ACH-000130	2.27	0.0087361288121905	0.0	0.074174951558114	2.05476652594542	3.0
ACH-002116	0.63					
ACH-001369	74.33	0.0005454820004117	0.0	0.0015304461182616	2.00014377965453	0.0
ACH-001390	7.51	0.499425048786431	1.0	0.564977310489921	2.6619234502002205	23.0
ACH-001864	2.97	0.188250924635614	1.0	0.665824666977986	3.0726289684191097	27.0
ACH-002369	1.07	0.0009406194026072	1.0	0.0918276915773711	4.11155523448563	0.0
ACH-002190	0.53	0.0981955105829039	0.0	0.145266777073368	2.00015710735809	3.0
ACH-001786	88.0	9.30326169925474e-05	1.0	0.256845917592355	3.74874690911064	10.0
ACH-002357	1.11	0.0026990735877829	0.0	0.023059152006803	2.03157449123303	0.0
ACH-001205	1.7	0.0016982780678246	0.0	0.0922108425552549	2.12542780099925	3.0
ACH-002155	1.24	0.116195428164297	0.0	0.316613419246236	2.12220164761193	12.0
ACH-002301	1.68	0.0490365472021404	0.0	0.137971068794093	2.12932868813301	3.0
ACH-000414	1.96	0.062452654762363	0.0	0.22828838333626	2.20428411109106	7.0
ACH-002287	80.38	0.419841177513539	1.0	0.733754498895659	2.92219446338468	18.0
ACH-000209	1.1	0.403810157395419	1.0	0.539069967051806	2.80408244746088	20.0
ACH-003473	3.97	0.0739939701252446	0.0	0.122432297289057	1.89989035081691	6.0
ACH-000449	1.4	0.144950732126437	0.0	0.175550947952548	1.97452084342123	3.0
ACH-002135	0.78	0.324116768789823	0.0	0.416327437329121	1.77894125823019	16.0
ACH-003455	3.74	0.32548162329373	1.0	0.743441713007207	2.93759197569884	25.0
ACH-000032	1.17	0.0375368134713612	0.0	0.0958339739398145	2.02030782593315	4.0
ACH-002372	1.18	0.0017383176635704	0.0	0.0325650803305214	2.05136391080866	0.0
ACH-001544	1.6	0.248588217217007	1.0	0.671656556749751	3.52685928335227	27.0
ACH-000459	1.93	0.195150983535594	0.0	0.279176138859215	1.87706453423626	12.0
ACH-000462	2.75	0.0328283300022732	0.0	0.033086353639724	1.96559490962382	2.0
ACH-001365	0.55	0.340094367880944	1.0	0.611071881560794	2.34175772316052	12.0
ACH-001086	2.67	0.127269181486829	1.0	0.584604736863938	3.69186437609513	25.0
ACH-000692	1.54	0.102028794584758	1.0	0.764314601568021	4.35172244770729	24.0
ACH-002304	0.85	0.303881733758719	1.0	0.749554973615084	2.80461299033967	28.0
ACH-000990	93.22	0.00033787473015	1.0	0.387611299511762	3.71922286728829	13.0
ACH-002228	0.82	0.183979303532601	1.0	0.788259249808672	4.39862279094446	23.0
ACH-000625	2.69	0.384980286174916	1.0	0.559003082464084	2.82341986664399	18.0
ACH-002166	9.39	0.129064072845709	0.0	0.369846299139371	2.32582782097312	10.0
ACH-001958	0.66	0.193509746184822	0.0	0.379552097725768	2.19428061059891	8.0
ACH-000425	0.48	0.252527654449572	1.0	0.579139216117037	3.55631674416117	21.0
ACH-002339	1.02	0.0133233955335434	0.0	0.0463853991917756	2.04762602222485	0.0
ACH-002263	1.2	0.582298974125845	1.0	0.713256938384105	3.21039176871828	20.0
ACH-000369	0.96	0.163090573560793	1.0	0.588234408631146	3.35428901038762	25.0
ACH-001022	4.18					
ACH-001081	2.15	0.0132648507148096	0.0	0.143933188172709	2.13451013694004	5.0
ACH-001719	44.82					
ACH-000980	13.76	0.929901341852373	1.0	0.124401267125838	2.10964299520305	5.0
ACH-003433	3.63	0.256976402551889	1.0	0.391337618882064	2.66842024033054	17.0
ACH-002355	0.7	0.0029039521310584	0.0	0.070770931841339	2.08573550637181	2.0
ACH-000103	1.05	0.391827633405613	1.0	0.702896994221315	2.66381035809449	24.0
ACH-001807	3.59	0.0158744762500325	1.0	0.47938800714251	3.90690560256283	16.0
ACH-000140	1.41	0.149165963644051	0.0	0.31752844841903	2.14465811507273	8.0
ACH-000065	1.67	0.0890972265210224	0.0	0.190173563874866	2.09995269611083	4.0
ACH-001971	3.79	0.105626837129417	1.0	0.596569352547626	3.49208900795463	18.0
ACH-001626	1.77	0.315802814120691	1.0	0.616696503661996	2.94496035740225	22.0
ACH-000175	1.47	0.0002758407259657	0.0	0.0008538671259365	2.00041350922334	0.0
ACH-001536	4.23	0.184656557905772	1.0	0.566417370697379	3.40233870446943	19.0
ACH-000556	4.82	0.375852832279163	1.0	0.748563627560578	4.98775541749943	21.0
ACH-001845	3.74	0.201031396384409	1.0	0.609925551936586	3.56367935596654	22.0
ACH-002362	2.4	0.0274776577397779	0.0	0.0657869918684187	2.04295008544454	0.0
ACH-002124	0.46	0.193297880660601	1.0	0.267611786299233	3.93853906036488	5.0
ACH-001521	3.99	0.165166295313754	1.0	0.566085859783088	3.38255767837036	20.0
ACH-000107	0.71	0.321791974242593	1.0	0.564352358774441	3.40966721215286	31.0
ACH-000079	1.66	0.0002512249263974	0.0	0.0002512454248031	1.99992065233153	0.0
ACH-000920	66.48					
ACH-002382	1.69	0.071455098828777	0.0	0.105377978965502	2.00667382766542	4.0
ACH-001570	4.13	0.156241800156052	0.0	0.296609069271699	2.14602134145122	8.0
ACH-002241	1.27	0.0308885995959246	0.0	0.0540294098311034	2.02611106482872	0.0
ACH-001423	5.18	0.0004435251293768	0.0	0.0751656620211391	2.0880332364504	3.0
ACH-001650	1.05	0.319831073553786	1.0	0.626906323086859	2.63450374127202	21.0
ACH-002236	4.13	0.0107997253519578	0.0	0.102258915857533	2.12504042348292	2.0
ACH-001849	3.6	0.224122446221968	0.0	0.369360092439583	2.16410197298097	10.0
ACH-002234	1.04	0.302148723029351	1.0	0.725580200767733	3.81640148543769	27.0
ACH-002112	0.78	0.589476394649762	1.0	0.480144264946438	2.42355409143519	17.0
ACH-002247	1.19	0.0175104813690553	0.0	0.0385278093084249	2.05107584499158	0.0
ACH-001679	3.74	0.0947807154141001	0.0	0.158843475494397	2.05826370990932	2.0
ACH-002306	0.76	0.122930314745887	1.0	0.600698440671276	3.89124936512789	19.0
ACH-000115	0.8	0.118902067898944	1.0	0.523656064969272	3.48160436881428	19.0
ACH-002205	1.01	0.222646335092876	0.0	0.424065119282522	2.15830216005978	12.0
ACH-001847	3.85	0.124416911013922	1.0	0.337591678784671	3.00917844769519	14.0
ACH-001136	1.1	0.443854299810358	1.0	0.66975316458839	3.08614145752669	27.0
ACH-001050	4.79	0.0692639337341575	1.0	0.568098379984637	3.53038377714156	16.0
ACH-000765	1.78	0.231350990335165	1.0	0.675360856061977	2.58276092150964	24.0
ACH-002405	5.81	0.052875488939306	0.0	0.139867709097138	2.07246863294754	4.0
ACH-000751	2.88	0.166719479238988	1.0	0.528266857602231	3.3947235896045	13.0
ACH-001759	3.79	0.281233555636033	1.0	0.759961162998341	3.80538479971656	23.0
ACH-000384	0.63	0.131711566316717	1.0	0.460761252744666	3.74671383599685	16.0
ACH-001652	3.95	0.4137999903642	1.0	0.71955853976005	3.47229702951364	25.0
ACH-001389	3.63	0.555524949012233	1.0	0.664854190501577	2.72785625266054	22.0
ACH-001551	3.84	0.157944301351053	1.0	0.758198258506659	3.71915689500404	23.0
ACH-001628	3.84	0.259008437154351	1.0	0.740316851448285	4.25029318531312	22.0
ACH-000328	5.76					
ACH-002445	6.07					
ACH-002349	3.6	0.0597522856607442	1.0	0.490795923061704	3.86706141721774	13.0
ACH-002101	2.66	0.132002835950955	0.0	0.313937651135662	2.11207954366272	10.0
ACH-000613	0.76	0.46162603659248	1.0	0.64161223598289	2.3448465106394	12.0
ACH-000609	1.1	0.245032750241227	0.0	0.344007245212241	2.06301920532405	6.0
ACH-002229	0.42	0.0430190318537231	1.0	0.316636656953684	3.91732859843015	10.0
ACH-002262	1.58	0.0483849642903957	0.0	0.120418985292402	2.09537017421655	6.0
ACH-001408	2.84					
ACH-000020	1.39	0.404110815536302	1.0	0.066974140706636	3.14271512743157	4.0
ACH-001437	3.73	0.183200160913581	1.0	0.712606557787726	3.6238977130651	29.0
ACH-002191	1.1	0.325801169880901	1.0	0.560689210873974	3.36003399946166	32.0
ACH-000555	1.08	0.338009761087205	1.0	0.785125166938864	3.70947395704874	21.0
ACH-000656	1.93	0.135734390169362	0.0	0.317333106194158	2.27313900411771	8.0
ACH-001639	0.96					
ACH-000106	0.78	0.0172312485068515	0.0	0.081757564752659	2.07277145068644	2.0
ACH-000949	84.58	0.0613964204318941	0.0	0.1509584912381	2.09277735449955	4.0
ACH-001510	4.11	0.0554771529782704	1.0	0.516290426784783	3.18149185955243	23.0
ACH-001419	2.74	0.346470610412839	1.0	0.720705677111917	2.95129284199355	26.0
ACH-002094	0.64	0.114136408157762	0.0	0.291791821528916	2.20722137465452	9.0
ACH-000028	3.48	0.191135780067261	1.0	0.697876876054841	3.79878629284913	22.0
ACH-001568	4.66	0.255990290933316	1.0	0.572486402936741	2.99578423897693	21.0
ACH-000513	1.4	0.119518273379809	0.0	0.246781759133652	1.94978495161541	7.0
ACH-000860	0.63	0.145904493183554	1.0	0.608772814665406	3.45863536833178	24.0
ACH-002256	35.87	0.0198528663277272	1.0	0.373042733154953	3.88607255535003	11.0
ACH-000707	4.88	0.0650370740049124	0.0	0.117366474064547	2.05130471830395	3.0
ACH-002206	0.68	0.276276950572092	1.0	0.607685354239	3.41877934805994	17.0
ACH-000031	0.91	0.160517603405122	1.0	0.485838717396358	3.6445802876717	21.0
ACH-001820	4.61					
ACH-002271	1.95	0.379954092048994	1.0	0.563154941718542	2.9534822415839	12.0
ACH-000798	1.7	0.162743050467735	0.0	0.24547042606347	2.08192979763772	3.0
ACH-001388	3.57	0.0637837541602832	0.0	0.314646509289706	2.30143072821419	10.0
ACH-002299	0.87	0.0122358507253055	0.0	0.0942923245697636	2.08557688858276	2.0
ACH-001973	3.16	0.0606292839372475	0.0	0.203267224005104	2.12454850251024	6.0
ACH-001035	5.11	0.1630863498261	1.0	0.333557370356977	4.0383578624603	9.0
ACH-002253	0.56	0.0449947605012295	1.0	0.56549468514061	3.66835660538251	18.0
ACH-001329	4.19	0.109542527784073	0.0	0.252565576851113	1.95190792851643	10.0
ACH-000708	1.43	0.136237885786061	1.0	0.558476836698051	3.70970691673342	21.0
ACH-000774	3.06					
ACH-003465	2.28	0.0283112778486068	1.0	0.496282071546694	3.85346145732631	18.0
ACH-000786	4.06					
ACH-000398	4.48	0.0537570886853746	0.0	0.20783393202262	2.1719432353038	9.0
ACH-002237	1.95	0.222891487383793	1.0	0.546860404757092	3.07582061744444	20.0
ACH-002373	0.83	0.0021521498622093	0.0	0.0420565859411815	2.06115352872248	1.0
ACH-001162	2.19	0.125693714728668	0.0	0.208196126216948	2.0142137281708	5.0
ACH-002093	1.05	0.261788846496592	1.0	0.542115582174206	2.88551648533317	20.0
ACH-000757	6.75	0.324952411823558	1.0	0.730017063280046	3.10099196217063	21.0
ACH-002265	1.38	0.280358246015394	1.0	0.572641893551619	3.16785357443641	18.0
ACH-001089	1.37	0.463114370168076	1.0	0.704910706469761	2.85670104162781	22.0
ACH-002309	0.81	0.0706312221627103	1.0	0.459850272227127	3.37208266448835	18.0
ACH-000465	0.69	0.117973594583273	1.0	0.653829793751217	3.75787681847663	21.0
ACH-001607	3.68	0.298576645368713	1.0	0.601860508770627	3.02800620494872	20.0
ACH-002300	1.5	0.077019375713796	0.0	0.162960935159888	2.08197508672788	4.0
ACH-000327	0.85	0.348050413493106	1.0	0.656988884440372	2.86851647764106	19.0
ACH-000821	1.29	0.276373096390661	1.0	0.633418743222384	3.08276569340382	23.0
ACH-001664	87.55	0.0049897383466156	0.0	0.116992807405828	2.10604149153207	4.0
ACH-001961	3.1					
ACH-002154	0.45					
ACH-001678	64.8	0.210117726386853	0.0	0.260340457784618	2.06972832432185	3.0
ACH-002011	3.69	0.192189120755961	0.0	0.579075241649081	2.36942460479326	18.0
ACH-000380	2.17	0.264858352621995	1.0	0.544564268460468	3.58680882383706	18.0
ACH-001358	0.72	0.319215461059122	1.0	0.723816366545705	3.11137467534263	25.0
ACH-000540	1.76	1.7785109538159e-05	0.0	1.7788429908206e-05	1.99988632784879	0.0
ACH-000274	2.25	0.194944832686889	0.0	0.303742759477778	2.17476322592004	10.0
ACH-001410	3.19	0.464559505791677	1.0	0.552884619296114	2.39038553678632	11.0
ACH-000744	0.8	0.393540431531657	1.0	0.726634124202216	2.85846403101349	22.0
ACH-002157	1.39	0.289715875348839	1.0	0.73702564452156	4.84783310487296	29.0
ACH-002268	0.88	0.176032902088872	1.0	0.760092515797746	4.30472535471477	26.0
ACH-001532	4.65	0.0052728825782794	0.0	0.0057415794242223	1.9953069562861	0.0
ACH-000695	3.3	0.114067640663649	0.0	0.23587776139594	1.95034893238424	9.0
ACH-002343	1.12	0.0023485823829296	0.0	0.0235101416481527	2.03392960292801	0.0
ACH-000638	0.65	0.257373981051421	1.0	0.593515826328504	2.82861872555464	21.0
ACH-000892	1.23	0.109150815111446	1.0	0.637456957265909	3.82089990858546	24.0
ACH-002340	2.02	0.160021621635193	1.0	0.475122186145937	3.50057031879936	28.0
ACH-000962	85.75	0.0778680118245973	1.0	0.312457495617938	3.02663637658906	10.0
ACH-002400	3.75	0.180968004854585	1.0	0.611311164919749	2.95492998515638	18.0
ACH-000284	2.33	0.0	0.0	0.0	1.999992104981	0.0
ACH-000063	1.55	2.80911065038028e-05	0.0	2.80941541073056e-05	1.99987352294458	0.0
ACH-001497	3.91	0.4465365398344	1.0	0.704699392929344	2.93709160827004	20.0
ACH-000672	4.96					
ACH-002231	1.2	0.162601260504289	1.0	0.605422514586334	3.55355274378168	20.0
ACH-000981	60.68					
ACH-000615	0.66	0.332554170939203	1.0	0.825079945887307	4.19654835451656	24.0
ACH-000566	0.7	0.123317125350741	1.0	0.514033719436767	3.84659891024283	19.0
ACH-001032	5.42	0.226967040715428	1.0	0.528847049423798	3.27271155885241	20.0
ACH-000453	1.32	0.316721312413572	1.0	0.71264912946769	3.2957967878902	27.0
ACH-003471	4.01	0.0206663905720321	0.0	0.124217232642324	1.91496590934878	6.0
ACH-002277	0.79	0.063397572922727	0.0	0.122510229363614	2.0687795233537	3.0
ACH-001370	4.23					
ACH-001033	3.98					
ACH-000660	2.54	0.0840291741454503	0.0	0.104348641151321	1.97012940128002	2.0
ACH-001427	5.13	0.0280144359205539	0.0	0.0685328294746188	2.08668910184602	2.0
ACH-000640	1.8	0.189167814438757	1.0	0.64703114893817	3.43412146256243	25.0
ACH-000863	1.13	0.130953726744869	1.0	0.605397091241166	3.89116085335934	26.0
ACH-000434	4.14	0.337638503892472	1.0	0.631641901384695	4.24825353545515	12.0
ACH-002163	1.77	0.191303376542545	1.0	0.692119261127262	4.00089568655224	18.0
ACH-000909	64.91	0.0321886916801669	0.0	0.184778189890928	2.18225390671594	6.0
ACH-001606	1.47	0.564862012753651	1.0	0.629630816899159	3.39545583437565	15.0
ACH-002288	1.08	0.315573366365394	1.0	0.572757223352687	3.21607415757928	12.0
ACH-001616	4.02	0.115526573251267	0.0	0.200033841817582	2.17417403023966	4.0
ACH-001493	3.45	0.185451457327832	0.0	0.316423119138994	1.98031765565804	8.0
ACH-001041	3.63	0.237373807927432	1.0	0.583098752587154	3.03795599870084	24.0
ACH-000546	1.15	0.211568425841895	1.0	0.672514871474678	3.74215656727142	27.0
ACH-000208	2.8	0.070689686609471	0.0	0.216466751084734	1.94152636513982	5.0
ACH-000056	1.2	0.0394626810210137	0.0	0.116204936711825	2.10443432485899	2.0
ACH-001834	5.06	0.222713202485207	1.0	0.77363777434432	4.96775480831426	27.0
ACH-002383	0.81	0.0021043676099397	0.0	0.0284147235734244	2.04062543545571	0.0
ACH-001566	3.89	0.204002765009298	1.0	0.504325105544302	3.13961000849814	22.0
ACH-002404	5.45	0.422669390718934	1.0	0.655155450308852	2.51223543099803	25.0
ACH-001270	4.33	0.226810303547907	1.0	0.544994067057516	2.78910694852193	22.0
ACH-002196	1.39	0.298552528319808	0.0	0.350855276384244	1.83470815521057	11.0
ACH-001126	1.17	0.175839929024216	1.0	0.714644081525619	3.70252814139029	22.0
ACH-002145	1.04					
ACH-002244	1.62	0.188664810556416	1.0	0.692806461859229	3.73118171796265	22.0
ACH-000604	1.93	0.151951693684984	0.0	0.387601582798286	2.13567602718044	15.0
ACH-002156	1.46	0.455507479390019	1.0	0.847552551042132	3.8623292095725	28.0
ACH-001716	6.01	0.100496680759558	0.0	0.274825409386662	2.15837533367986	7.0
ACH-001375	3.03	0.280652781243015	1.0	0.681265715228859	3.23391611366982	27.0
ACH-000275	1.26	1.68685121064466e-05	0.0	1.68754309159689e-05	1.99924698285725	0.0
ACH-002100	1.2	0.223662454531147	0.0	0.362004022268808	2.09743610871886	12.0
ACH-002273	1.52	0.0675066028180595	0.0	0.194049341860148	2.10741158631302	6.0
ACH-002109	1.01	0.220396856068302	0.0	0.41416330974281	2.1972689190248	6.0
ACH-001064	3.94	0.0153431418511776	1.0	0.674372174065954	4.31158897915316	25.0
ACH-000925	84.51	0.0041401946682599	0.0	0.0730231560935474	2.0642060196355	2.0
ACH-002136	0.74	0.194606667720756	1.0	0.582571601158341	3.29740410498766	18.0
ACH-002187	0.59	0.188491404509795	1.0	0.332579509405095	3.68611866827824	8.0
ACH-000181	1.13	0.175175508822929	1.0	0.515192190106426	3.32000964866886	19.0
ACH-002118	0.6	0.0820624558973412	1.0	0.340015297129424	4.19960023880716	7.0
ACH-002202	1.43	0.260224584865435	1.0	0.60525604482426	2.87030759210251	18.0
ACH-000404	1.71	0.221624423798334	0.0	0.425122566215883	1.93028782408286	9.0
ACH-001653	3.97	0.25891550010352	1.0	0.679090272823256	2.57894939750644	27.0
ACH-002346	1.24	0.0042750721557383	0.0	0.0388830067195462	2.05343923888094	0.0
ACH-002276	1.53	0.028634910044724	0.0	0.0579320975105331	2.03539134154479	0.0
ACH-002148	1.06	0.124117630304945	1.0	0.282878620980601	4.137986395573	9.0
ACH-000428	0.89	0.138519291818333	0.0	0.437865171959223	2.34186927037427	13.0
ACH-003426	3.95	0.0004091815609432	0.0	0.0011716365779513	2.00014910572658	0.0
ACH-000991	2.67	0.0005022013602227	0.0	0.0540110033920103	2.05879719992165	1.0
ACH-000741	1.28	0.218129795002069	1.0	0.688142579565746	3.00441618637075	22.0
ACH-000891	4.2	0.340030832606621	1.0	0.590459658765129	2.70375150959743	15.0
ACH-001396	3.48	0.370999878022317	1.0	0.832708440151415	4.47069469927382	27.0
ACH-001391	4.67	0.0712051612762002	0.0	0.107600044157106	2.02789417257043	2.0
ACH-001065	0.78	0.335715442863763	1.0	0.632681435171988	3.10763775380468	19.0
ACH-002310	0.99	0.332878944809477	1.0	0.684967558724557	3.74006962022214	25.0
ACH-000864	63.68	0.0731278642839931	0.0	0.309709890204809	2.34265995628926	10.0
ACH-002179	39.86	0.318798395120916	1.0	0.757256551652667	3.6077137773611	29.0
ACH-002197	1.57	0.0337302183222544	0.0	0.242152535472396	2.23691249798053	6.0
ACH-001449	3.88	0.10056063733069	0.0	0.191142342585109	2.10100257284597	2.0
ACH-000110	1.36	0.284550230811844	1.0	0.797536643037069	4.47902422268251	28.0
ACH-001359	0.8	0.38965626478814	1.0	0.737511458688918	2.73851547822378	23.0
ACH-001356	3.76	0.928612643807231	1.0	0.209222326560058	2.19455529939985	9.0
ACH-000689	2.5	0.395460623590108	1.0	0.785460181798417	3.72669941549246	25.0
ACH-000886	0.56	0.426347175845827	1.0	0.658033317172598	2.46430285910457	16.0
ACH-002144	1.21	0.268434652677649	1.0	0.678675498851045	3.42845364815947	27.0
ACH-001673	3.5	0.227906020358796	1.0	0.595547649216746	3.04312070630531	23.0
ACH-001862	4.18	0.222007231753801	1.0	0.518218287635367	2.88146315673129	20.0
ACH-001345	89.33	0.0215412997876462	0.0	0.0334992286767049	2.0025932390157	0.0
ACH-002188	0.73	0.0663349588438151	0.0	0.260420844532252	2.1632245721887697	9.0
ACH-002192	0.65	0.269717595825967	0.0	0.317386017669837	1.82175611229611	10.0
ACH-001098	3.7	0.282297076547294	1.0	0.476162277878178	2.7799622071573995	17.0
ACH-000002	0.88	0.0734719856006929	0.0	0.114263864288397	2.01279870565457	6.0
ACH-000875	0.65	0.197640182888727	1.0	0.663856059432688	3.74691919092136	25.0
ACH-002254	1.36	0.250881325421964	0.0	0.358574462641595	2.1208671231589498	5.0
ACH-003463	2.17	0.0002880904715898	0.0	0.0005644200813401	1.99978685742591	0.0
ACH-001016	0.81	0.183999082500392	1.0	0.570353898328857	2.87753948854139	19.0
ACH-002278	0.93	0.152933948148015	1.0	0.574659682537524	3.56171640112076	25.0
ACH-002213	1.3	0.0926040130761009	0.0	0.322733744313404	2.26655940726343	10.0
ACH-000726	1.78	0.280838630940591	1.0	0.764335776599323	3.5115863181409503	29.0
ACH-002350	1.2	0.0030893915436126	0.0	0.0569894537484563	2.07027697991664	1.0
ACH-000995	80.18	0.016971393236196	0.0	0.0188222452603252	1.9912993548078304	0.0
ACH-001341	2.57	0.442945810464737	1.0	0.784271067149961	3.20796105116842	21.0
ACH-002186	0.77					
ACH-001163	4.35	0.0220974385099837	0.0	0.0648058542046032	2.02018308664446	1.0
ACH-000081	1.92	0.0207115043982487	0.0	0.107579642681358	2.06649912288889	4.0
ACH-002120	0.87					
ACH-000121	0.48					
ACH-001386	5.82	0.131089679620357	1.0	0.26432858861906	3.86248114528719	10.0
ACH-002102	0.77	0.100430952894352	1.0	0.187726347694348	4.20356385911403	4.0
ACH-000165	1.28	0.0003283557731956	0.0	0.000328378536366	2.0001222451114	0.0
ACH-000823	4.53	0.478114495286948	1.0	0.729329692546829	3.12675681935233	24.0
ACH-002308	0.75	0.0584360325452899	0.0	0.100068917389599	2.0701849886453303	1.0
ACH-001511	3.62	0.23809182051892	1.0	0.642893628370004	3.81975215373775	23.0
ACH-000960	43.04	0.0285222188759275	0.0	0.105341974245365	2.09365447597005	2.0
ACH-001861	4.47	0.581645911603994	1.0	0.58766057351926	2.81142851216915	25.0
ACH-001145	87.37	0.0427834261609597	1.0	0.296441461388594	2.95874573804892	10.0
ACH-001363	2.31	0.531314664874878	1.0	0.812201387662383	4.05586510885573	25.0
ACH-000775	0.82	0.339877214631939	1.0	0.69924404366312	2.81775250370103	24.0
ACH-000242	0.71	0.0823610802432948	1.0	0.500391284616124	3.90328861022838	16.0
ACH-002107	0.67	0.218918600864171	1.0	0.66531945221526	3.35399695541735	25.0
ACH-002444	6.51	0.417537308768815	1.0	0.727710103786244	2.71529378318812	24.0
ACH-002270	1.18	0.0205811111707047	0.0	0.0464011453228187	2.039339967121	0.0
ACH-002127	0.93	0.160485182807095	1.0	0.585364884477654	3.30932922100723	23.0
ACH-002147	0.87	0.409796937165696	1.0	0.630068894700716	2.79573314157136	24.0
ACH-000577	3.32					
ACH-000285	3.07	0.0869414054166365	0.0	0.414461245100837	2.33858846744603	14.0
ACH-000094	1.04	0.26169274250489	1.0	0.684173344740557	2.5602067180423	29.0
ACH-002242	0.84	0.0030606268960956	0.0	0.0486892956302496	2.0622958362018	1.0
ACH-002440	4.9	0.107032012210187	1.0	0.456492382146344	3.71432011392911	19.0
ACH-001347	3.61	0.137760740208341	1.0	0.672188636350878	3.95549201470656	25.0
ACH-000877	8.27	0.0067910267700845	0.0	0.037172616973604	2.04736071752693	0.0
ACH-002274	1.76	0.219135097435791	0.0	0.318308926620795	2.073886904341	5.0
ACH-002259	1.29	0.187136874178285	1.0	0.497852437849867	3.6670179025690097	15.0
ACH-000158	2.24	0.230857624279005	1.0	0.51591350580145	3.03401542125042	19.0
ACH-001525	3.41	0.275735545061996	1.0	0.694344948898978	3.0338807216257404	27.0
ACH-001540	3.55	0.0816568614172124	1.0	0.426684041771204	3.49695173380654	19.0
ACH-002272	81.88	0.0322371813927123	0.0	0.0888779335688565	2.09424913482497	1.0
ACH-001138	0.55	0.346854859216997	1.0	0.647877852397396	3.0049978550101204	23.0
ACH-000089	1.98	0.182545244768342	1.0	0.539595760067548	3.12961720314748	20.0
ACH-002932	4.61					
ACH-000987	1.11	0.0928882491841522	0.0	0.170725727912065	2.05708299290009	4.0
ACH-003456	3.25	0.0002948045133107	0.0	0.0005811607524501	1.99987268538106	0.0
ACH-000794	0.8	0.242495357240212	0.0	0.340224627444579	2.07118838780145	10.0
ACH-000795	26.46	0.0272096120906737	0.0	0.0575916858705686	2.04309670461009	0.0
ACH-001368	4.13					
ACH-000472	1.37	0.239317621564137	1.0	0.67186817025007	2.6112424590095	27.0
ACH-002097	0.78	0.165400038863166	1.0	0.416698764526005	4.15780402409287	12.0
ACH-001599	2.55	0.355498973675933	1.0	0.668524113605404	3.83111892109627	26.0
ACH-000156	1.41	0.005904528943397	0.0	0.005908282153958	1.99343634557146	0.0
ACH-000038	0.97	0.0056818899399412	0.0	0.0375734316000638	2.05898318488264	0.0
ACH-000294	1.36	0.0288142605008303	1.0	0.513554150808583	3.56456509014136	27.0
ACH-000289	2.73	0.14524432478288	0.0	0.273737826576747	2.13772484833863	6.0
ACH-000745	2.13	0.0500906433619469	0.0	0.0935856454998887	2.02527387372524	2.0
ACH-001842	4.0	0.145356511057837	1.0	0.549576479115001	2.9568244916871	23.0
ACH-002365	0.74	0.0090773600456818	0.0	0.0407121335650556	2.05401621398977	0.0
ACH-002240	1.26	0.28444356903994	1.0	0.577842761907449	3.23741364264807	18.0
ACH-002342	1.0	0.0021291754621061	0.0	0.0256092806158134	2.03903880119985	0.0
ACH-002243	3.44	0.347016512394166	1.0	0.664090797671514	2.7256426826686604	23.0
ACH-002090	0.78	0.343804206633219	1.0	0.685013968176063	3.1917392433573504	25.0
ACH-002509	3.52	0.141540827890724	1.0	0.33666090160205	3.66630900734765	13.0
ACH-002258	1.57	0.127038048435194	1.0	0.455666471128155	3.73364214680198	16.0
ACH-000631	1.23	0.0609710173957473	1.0	0.449015569650879	3.68061536029558	15.0
ACH-001450	3.19	0.0142239581283187	0.0	0.213515040839975	2.2574721571554304	10.0
ACH-002233	0.95	0.214184873840982	1.0	0.82028289573249	3.87795223952126	27.0
ACH-000571	0.78					
ACH-001454	4.57	0.217870865230243	1.0	0.626339467646597	4.58765608137258	38.0
ACH-000519	1.94	0.08403451925312	0.0	0.221788350663744	1.99430962359703	7.0
ACH-002095	0.62	0.260442000104924	1.0	0.642365433092635	3.39565095929959	24.0
ACH-000584	2.64	0.417813444153353	1.0	0.738799303144098	3.26269081803836	22.0
ACH-002083	0.67	0.173650627024903	1.0	0.578429715307135	3.02002030448725	20.0
ACH-001529	3.85	0.057137529027105	1.0	0.34762803672088	3.10488302653052	13.0
ACH-002152	1.18	0.284941329437156	1.0	0.586769883073684	3.4129243035391896	17.0
ACH-000491	1.25	0.214665633912656	1.0	0.61199554294018	3.00844022814186	28.0
ACH-001841	2.64					
ACH-002238	74.66					
ACH-001339	4.82					
ACH-001458	4.8	0.235895412739267	1.0	0.452954710407853	3.0282194663657003	20.0
ACH-000066	1.63	0.183421864013495	1.0	0.630748171521685	3.64759609612521	29.0
ACH-001451	2.99	0.202131054411705	0.0	0.283759897946034	1.9471752331841696	7.0
ACH-000186	0.42	0.647262744380495	1.0	0.490412709963389	2.6306264489939	33.0
ACH-002316	1.46	0.0113323477796282	0.0	0.118770571537171	2.12854438110505	2.0
ACH-000815	2.83	0.282224311265121	1.0	0.646529861011506	2.98202169510582	16.0
ACH-000876	1.86	0.198759826910911	1.0	0.601255114879538	3.21084519143667	26.0
ACH-001959	3.88	0.0671879902627053	0.0	0.104904984618392	2.03453780689202	2.0
ACH-002207	0.73	0.185279312270243	1.0	0.667327716675392	3.06480699757372	24.0
ACH-002255	0.9	0.122229771520798	0.0	0.278096414070242	2.14454808991592	8.0
ACH-001353	3.78	0.10026692793094	1.0	0.773969545630655	4.53988363288818	27.0
ACH-002140	1.99	0.108732356973321	1.0	0.46696117947177	4.02936907807677	17.0
ACH-000154	1.33	2.95036117726701e-07	0.0	2.95409994835289e-07	1.99999954935522	0.0
ACH-000386	3.16	0.143221024068634	0.0	0.214116280713955	1.9791853700922504	7.0
ACH-001367	7.53	0.0728298597180822	1.0	0.607487605106524	3.5948593847920094	26.0
ACH-001417	1.0	0.44071127318136	1.0	0.7214357360657	4.99477653120802	38.0
ACH-000797	3.05	3.38555716673716e-05	0.0	6.23074429591831e-05	1.99983995476752	0.0
ACH-000051	1.3	0.000409539968475	0.0	0.0004420107316251	1.99893964871476	0.0
ACH-002407	5.0	0.131999610657417	0.0	0.320976805135102	1.74282001970414	11.0
ACH-001182	1.14	0.0034726687402029	0.0	0.0478139111135354	2.08572880208394	0.0
ACH-002367	0.69	0.0020314151782493	0.0	0.0337908200544802	2.05369892069048	0.0
ACH-002392	0.78	0.0872155722043298	0.0	0.198954959936363	2.12552943946898	3.0
ACH-000885	72.58					
ACH-000626	0.98	0.233153932603159	0.0	0.436477140533926	2.14537987736856	11.0
ACH-001399	2.99	0.185458366246548	1.0	0.643833121802799	4.19538934245264	23.0
ACH-002183	0.84	0.0399349313138972	0.0	0.206831554476157	2.21832329217315	6.0
ACH-000993	3.16	9.35583014061918e-05	0.0	0.0006504919964746	2.00053603234419	0.0
ACH-002279	0.8	0.142531913444173	1.0	0.591253397023372	3.763997138043061	19.0
ACH-001651	3.99	0.329005569467251	1.0	0.805547881077581	3.71367371188277	28.0
ACH-002239	0.83	0.17140578714563	0.0	0.349808224419746	2.17243207772764	7.0
ACH-002165	1.0	0.102122713743705	0.0	0.193931046844243	1.9929233612708896	7.0
ACH-001559	3.91	0.415181363815583	1.0	0.150531101441578	4.32039117059512	6.0
ACH-000067	0.76	0.020129321143316	0.0	0.180012691113481	2.08763274228538	5.0
ACH-003438	4.23	0.15167709194567	1.0	0.416730110021109	3.25660592879598	12.0
ACH-000992	1.92					
ACH-000353	0.92	0.55547724019299	1.0	0.642340493292002	2.8452688379069704	22.0
ACH-001484	7.73	0.00029620635581	0.0	0.101996535334865	2.10805100918371	3.0
ACH-002257	1.16	0.142194800091228	0.0	0.181160406501513	1.94071420988016	4.0
ACH-000512	3.94	0.0730322145768617	1.0	0.542901835843153	4.01742489101468	18.0
ACH-002387	1.2	0.186228041230793	1.0	0.632341776417168	3.35753220481596	23.0
ACH-002370	0.92	0.0466795128096051	0.0	0.0914414166843667	2.05730771768935	0.0
ACH-001373	3.56	0.161061846952259	1.0	0.734765134148385	4.95937678483934	29.0
ACH-000199	1.28	1.1352085737987e-06	0.0	1.13602612167031e-06	2.0000000808301004	0.0
ACH-000808	1.91	0.505326699374817	1.0	0.503289971746413	2.4325259514546	16.0
ACH-001853	3.47	0.411730083604743	1.0	0.696348676160085	3.38586941774418	30.0
ACH-001645	4.64	0.460643216926657	1.0	0.709518102885664	2.95149546463377	18.0
ACH-000812	1.7	0.280601183917578	1.0	0.498888865254327	2.80736215245077	20.0
ACH-000436	5.47	0.147089121800528	1.0	0.564305380258407	3.796385785085661	19.0
ACH-000646	1.55	0.0709001314657704	1.0	0.660949369143384	3.85512912656904	25.0
ACH-000069	1.5	0.000155514621844	0.0	0.0871951996612742	2.08601855647125	3.0
ACH-002248	1.71	0.049891814409428	0.0	0.249390929584887	2.3102930498850096	7.0
ACH-000598	2.02	0.0590798364449364	1.0	0.602632705457606	3.7349893089041	19.0
ACH-002314	1.44	0.256537874905357	1.0	0.600238811781935	2.5767575527925803	24.0
ACH-001836	6.13					
ACH-003451	3.55	0.0700487794983382	0.0	0.0703363048111384	1.93187433422289	3.0
ACH-002113	0.88	0.190904896754284	0.0	0.281270648725809	1.93613359574121	8.0
ACH-002235	2.15	0.134075502248971	1.0	0.508236880034677	3.6171627792029	18.0
ACH-000321	1.63	0.0145012476746413	0.0	0.251032920073974	2.27487332572829	9.0
ACH-001407	3.63					
ACH-001321	1.2	0.131202839064293	0.0	0.299788958412539	1.92249555805444	10.0
ACH-000560	2.08	0.283690440857618	1.0	0.748285717776584	3.8580271408048	21.0
ACH-002252	4.45	0.0520201406973965	0.0	0.140848366951816	2.10774794066784	2.0
ACH-000534	1.64	0.053233771323096	0.0	0.11007356721799	2.06275622148593	3.0
ACH-001518	73.8					
ACH-001382	3.09	0.0679728826596515	1.0	0.384874036249272	3.61573564667241	16.0
ACH-000989	71.61					
ACH-002282	0.53	0.132473252143728	1.0	0.587372393474016	3.2602171680834	20.0
ACH-000926	1.65					
ACH-002160	12.4	0.32633078832557	0.0	0.355414631945478	1.93458928133156	6.0
ACH-000723	2.1	0.166564285372251	1.0	0.638198220395297	3.37764413987401	23.0
ACH-001835	4.86	0.320537965839051	1.0	0.705384575093677	3.07579631995156	26.0
ACH-001630	3.33					
ACH-000162	0.9	0.0067463609017071	0.0	0.0680197394353242	2.07715391216408	1.0
ACH-000606	2.97	0.243586701123821	1.0	0.494775235084226	4.16077250868231	16.0
ACH-001459	4.66	0.220964728885921	1.0	0.530860294269402	3.54986382560809	21.0
ACH-000388	3.21	0.0009164154587803	0.0	0.126710707141995	2.18567227627939	5.0
ACH-001460	5.54	0.131698535071381	1.0	0.557507140394932	2.84676067198338	21.0
ACH-000340	1.67	1.0081060681331e-05	0.0	0.0002932930248595	2.0003069400947	0.0
ACH-001376	3.5	0.170781108130056	1.0	0.439467383924706	3.10419808390763	15.0
ACH-000102	0.98	0.310135400556914	1.0	0.759662406572311	4.3387421903593	21.0
ACH-002162	1.18	0.277594730048849	1.0	0.652794461514103	3.3813996368417	23.0
ACH-000309	0.62	0.583315340575582	1.0	0.762870941765911	4.12738904853459	28.0
ACH-000761	3.5	0.332393946316778	1.0	0.744929036313866	3.09593235220806	17.0
ACH-002110	0.73	0.171351001607028	0.0	0.367360969222116	2.26771181772606	13.0
ACH-002311	1.37	0.435676509658395	1.0	0.663059201707648	3.15364801870679	23.0
ACH-002103	0.58	0.0687902639116405	0.0	0.104362134344063	1.99773059998592	3.0
ACH-001855	4.85	0.0715707336876133	0.0	0.337758342653088	2.27337086727809	10.0
ACH-002251	3.05	0.198493595664517	0.0	0.437136720114852	2.3836988043938	15.0
ACH-002403	4.57	0.348747934784548	1.0	0.578159446415551	3.25216924494503	32.0
ACH-001999	2.66	0.170673841357817	1.0	0.529985452030185	3.15756723079281	24.0
ACH-000563	1.91	0.399890579563246	1.0	0.796240235040116	3.06167255038616	26.0
ACH-001796	3.42	0.148795686743639	1.0	0.729343277904095	4.47920645420175	24.0
ACH-000564	1.33	0.550685981733758	1.0	0.537436375527549	2.53692666478968	28.0
ACH-002105	0.81	0.0877222719052918	0.0	0.35911347807909	2.33695012711303	12.0
ACH-000485	1.95	0.0261026535190061	1.0	0.478277172742486	3.71235879665557	30.0
ACH-000287	1.3	0.0675968119232963	0.0	0.115175305459312	2.03895750291795	0.0
ACH-000072	2.12	0.610747884351611	1.0	0.504692135615605	2.50171127358692	31.0
ACH-001030	4.74	0.0900385184305872	0.0	0.32500078874588	2.28970441574923	10.0
ACH-000269	1.61	0.288313358374847	1.0	0.708192095272446	3.42287502018519	20.0
ACH-003474	4.39	0.22354531409359	1.0	0.632398321688196	3.24334785286828	18.0
ACH-002344	0.86	0.0026884629249131	0.0	0.0205877622965518	2.03321578180645	0.0
ACH-001991	4.17	0.0002187809307832	0.0	0.0371891199339962	2.03625590991719	1.0
ACH-001328	4.78	0.15167154167498	1.0	0.698888788251453	3.53531729892845	21.0
ACH-002356	1.02	0.002755715858738	0.0	0.0325954113266562	2.0508090039646	0.0
ACH-002431	4.11	0.0001297025698451	0.0	0.0131591130295726	2.01270229281646	1.0
ACH-001561	11.94	0.288147546568782	1.0	0.291222873317292	3.47701830132868	39.0
ACH-001537	5.94					
ACH-003458	3.18	0.627161233325358	1.0	0.414698418534825	2.56906800676747	36.0
ACH-001738	35.06					
ACH-001557	3.66	0.381577177796652	1.0	0.681099844476662	2.92740261555375	26.0
ACH-001340	3.94	0.397707017679007	1.0	0.502228469232163	3.73723907851106	11.0
ACH-001625	3.8					
ACH-000177	2.7	0.250439003876784	1.0	0.665178123474101	3.27615755236936	28.0
ACH-002212	0.39	0.240248987588319	0.0	0.433310453595926	2.12763054852445	10.0
ACH-001335	2.98	0.145581369959946	0.0	0.279046616026455	2.01303249627282	9.0
ACH-000430	1.6	0.388541332664922	1.0	0.606238024681379	2.50374626328469	25.0
ACH-002232	74.71					
ACH-000650	0.98	0.41034849797628	1.0	0.588400420915557	2.90190318470175	23.0
ACH-001567	3.15	0.332587744775802	1.0	0.666254221214139	2.66879913571223	26.0
ACH-002295	1.53	0.427534054579942	1.0	0.727222348733068	2.64561150469505	23.0
ACH-003480	3.53	0.25067447699293	1.0	0.361939379999014	2.91312111568642	14.0
ACH-000138	0.71	0.27339631938651	1.0	0.526882100613841	3.48077443440386	31.0
ACH-001638	4.47	0.0295187050187464	0.0	0.219078410345414	2.15888661939732	6.0
ACH-002348	3.74	0.141442867063946	1.0	0.493285433790021	3.7191358749998	17.0
ACH-001513	3.77	0.433695895842073	1.0	0.673485263886587	2.5811118291706	25.0
ACH-000567	1.08	0.0117217845772756	0.0	0.160701421624708	2.17964422710453	4.0
ACH-002337	0.66	0.427721805228327	1.0	0.647742846692932	2.54911532742466	20.0
ACH-001520	2.78	0.0489469874367349	0.0	0.0605016257727695	2.00289867367875	0.0
ACH-001846	3.53	0.210694259874484	0.0	0.345134505305512	2.00652207345142	7.0
ACH-003437	4.16	0.350249480699885	1.0	0.771254115446553	3.42497784304382	20.0
ACH-000058	0.73	0.352095722494615	1.0	0.568736810201133	3.32187579928606	34.0
ACH-001634	2.41	0.0452323597578703	0.0	0.123163572500757	2.07579902527308	3.0
ACH-000772	3.48	0.0168954946209614	0.0	0.114177837245604	2.09892970064811	3.0
ACH-001066	1.17	0.0985382442773752	0.0	0.590759857582595	2.58326723686317	24.0
ACH-002098	0.96	0.1707984951088	0.0	0.325143233121237	2.11752232536378	8.0
ACH-000218	1.95	0.0524456362787729	1.0	0.596523431098488	4.01276963868869	23.0
ACH-002201	1.28	0.0482307837187461	0.0	0.292427661346625	2.26097777703032	9.0
ACH-001199	89.27					
ACH-001648	3.7	0.0891011715066936	0.0	0.151872138196893	1.98170546223644	5.0
ACH-002222	69.58	0.0058361008722487	0.0	0.0698171893834939	2.11652966553116	1.0
ACH-001838	2.36	0.244836627679051	1.0	0.612548268974996	3.39346025031787	22.0
ACH-001394	3.49	0.307586261427622	1.0	0.670516854798086	3.20043820930487	27.0
ACH-000603	0.66	0.407733784608995	1.0	0.794546538292859	3.9880372842436	32.0
ACH-001384	1.26	0.692285279414847	1.0	0.564005243807176	3.70444053528571	21.0
ACH-001023	1.05	0.230294709879124	1.0	0.6232786970119	3.4722723647883	20.0
ACH-000239	1.8	0.423229692443956	1.0	0.681004796675001	2.98057070452205	28.0
ACH-001346	3.19	0.219531144795005	1.0	0.358083614022281	3.88064228698502	9.0
ACH-001172	3.05	0.33447909796612	1.0	0.731997091528579	4.69250528505075	33.0
ACH-001524	3.76	0.243978985781451	1.0	0.570970630407661	3.16069100671434	22.0
ACH-002200	0.92	0.309480539160895	1.0	0.719835718219873	3.67685926839702	21.0
ACH-000467	1.08	0.264578179735718	1.0	0.652911674924211	2.87527377441359	23.0
ACH-002371	1.19	0.0026521248213524	0.0	0.046301205445984	2.07922973259283	0.0
ACH-002126	0.7	0.263505890211355	0.0	0.321429146324071	1.84284489312278	9.0
ACH-002388	0.9	0.116796568338782	1.0	0.445975242553418	4.04835203980355	14.0
ACH-001413	4.31	0.405318737364777	1.0	0.754267003272464	2.974725152741	20.0
ACH-000529	1.35	0.0006424380515372	0.0	0.0006856564494943	1.99954557222731	0.0
ACH-001850	4.44	0.341024112063239	1.0	0.789417171510753	3.78479044304895	24.0
ACH-001383	0.72	0.0822768631349016	0.0	0.439473379498122	2.53569536988586	29.0
ACH-001617	3.91	0.0487603526997565	0.0	0.0746530255282518	2.01280491190506	1.0
ACH-001563	3.31	0.0280549760628272	1.0	0.298150907289203	4.20149319538486	10.0
ACH-002280	2.76	0.142434554367497	1.0	0.594760458122482	3.04978506318129	18.0
ACH-000026	2.48	0.227386049102998	1.0	0.645714864777309	2.56182734137849	22.0
ACH-002169	0.95	0.417668516458253	1.0	0.613824295055733	2.79508741972648	29.0
ACH-000755	0.91	0.171998156009194	1.0	0.435017808386323	4.23218549355121	15.0
ACH-002175	0.96	0.163286769971018	1.0	0.620539260422859	3.49318010287127	24.0
ACH-000868	6.29	0.325504109652717	1.0	0.855122819627237	4.59216638696295	34.0
ACH-000342	2.0	0.174707058940913	1.0	0.696518553132447	3.73590349834332	19.0
ACH-001377	62.74					
ACH-003472	4.82	0.0022391927835933	0.0	0.0405408874674055	2.0724175193218	1.0
ACH-002294	0.84	0.405332705491804	1.0	0.859346843049283	4.49625833162445	25.0
ACH-001554	4.04	0.169876362792159	0.0	0.394044911589963	2.31862881790268	9.0
ACH-000862	2.44	0.204539731841287	1.0	0.670161556906857	3.49047445386161	27.0
ACH-002227	0.4	0.166549544640712	0.0	0.295833271289236	2.09798522698971	9.0
ACH-000109	0.93	0.282786463823791	1.0	0.755313164262189	3.97611285921664	29.0
ACH-002409	5.4	0.442392079436977	1.0	0.575070796188276	3.28954418206218	37.0
ACH-000702	2.83	0.189320946941782	1.0	0.60019674538634	2.9555617882158	19.0
ACH-001039	1.14	0.184971953533501	1.0	0.486619672871925	3.40915370982074	15.0
ACH-001556	3.76	0.374019948287441	1.0	0.566888918162828	2.82248191701414	23.0
ACH-002153	0.59	0.0963547122069038	1.0	0.499975552595665	3.38270261067904	17.0
ACH-001282	1.51	0.0294387320746604	0.0	0.0538742412232376	2.00237506278703	2.0
ACH-001854	5.31					
ACH-002131	1.56	0.233523308984611	0.0	0.280148323979654	1.79639238361873	9.0
ACH-002164	1.26	0.18150416683947	1.0	0.816502895321097	4.38898615242405	23.0
ACH-002336	1.29	0.249579395389727	1.0	0.491588844598835	3.15575665770708	16.0
ACH-001107	0.9	0.419664939649649	1.0	0.58701140301447	2.62824879325836	22.0
ACH-001118	0.46					
ACH-001332	2.64	0.306741753160676	1.0	0.628171318288253	2.97859323776539	20.0
ACH-002462	4.16	0.0001997829562297	0.0	0.0272497753220125	2.02640996544144	1.0
ACH-000591	3.95	0.239489128533421	1.0	0.788212456702007	4.03409631975941	22.0
ACH-000972	93.17	0.0396673582587425	0.0	0.0400908628743724	2.0000120769401	0.0
ACH-003468	5.61	0.25021513691186	1.0	0.570181866748547	2.49987692427494	16.0
ACH-002177	3.29	0.230273319346552	1.0	0.639823793488887	3.46425647486857	22.0
ACH-001550	4.14	0.0400923189966365	0.0	0.0500790615531077	1.97947229281827	1.0
ACH-000176	0.72	0.861973485319368	1.0	0.226321941786569	2.20123471396761	8.0
ACH-000122	3.58	0.214009141686153	0.0	0.300558708430062	1.88577479233742	11.0
ACH-001443	3.9					
ACH-002292	1.72	0.689129048194525	1.0	0.485759326421976	2.60465763753064	31.0
ACH-003459	3.09	0.168669189236286	1.0	0.660296549250536	2.94325348507843	22.0
ACH-000675	0.94	0.41660401772066	1.0	0.671131768848645	2.68897586147588	27.0
ACH-000213	1.73	0.128483943304806	1.0	0.401215093587222	3.43063899154387	14.0
ACH-001795	3.24	0.0428400671528472	1.0	0.498207516910637	3.74768577953915	21.0
ACH-000636	1.84					
ACH-000419	4.98					
ACH-002353	1.15	0.0060217157416331	0.0	0.0283685694507038	2.03849323158929	0.0
ACH-000569	1.03	0.287091292568962	1.0	0.707106652060211	3.40986984850286	22.0
ACH-000916	0.81	0.343700676206939	1.0	0.408236792233149	3.52153221607959	14.0
ACH-002269	0.64	0.0961341952460671	1.0	0.484650015917258	3.55715846776149	30.0
ACH-002199	1.12	0.364979070224531	1.0	0.709689153094327	3.00082495711483	24.0
ACH-000813	1.97	0.157093669209268	0.0	0.225822417442327	1.90414686566565	7.0
ACH-002381	3.86	0.0007978002382841	0.0	0.0271872997313266	2.04135753707959	0.0
ACH-002245	0.82	0.0214683046752959	0.0	0.107474628230531	2.10661365511702	2.0
ACH-002204	0.83	0.371470108351272	1.0	0.517861922270445	3.76308546264575	18.0
ACH-001692	3.2	0.272203562781104	1.0	0.659009849245675	3.57844443259974	29.0
ACH-002379	1.11	0.0018460065522527	0.0	0.0286910033032079	2.04247123854326	0.0
ACH-002193	1.71	0.231208381722342	1.0	0.644676992829597	3.65351495533771	24.0
ACH-002208	0.58	0.256560854587073	1.0	0.556519814575311	3.43520498362527	16.0
ACH-000918	40.42	0.0573196879788075	0.0	0.0788226693850192	2.03341224164139	0.0
ACH-002467	2.91	0.0002297593023945	0.0	0.104116994886141	2.1042182446586	4.0
ACH-003460	5.29	0.156757481581242	0.0	0.194213755158167	1.9491594184839	4.0
ACH-001452	0.8	0.0050730913730833	0.0	0.122549271509693	2.17219352403361	4.0
ACH-002092	0.54	0.0026886817923628	0.0	0.0467272589057679	2.05414892598361	2.0
ACH-001970	3.42					
ACH-002106	0.92	0.158950200369839	1.0	0.664874571837405	3.5047901686358	24.0
ACH-001844	2.7	0.271903802621508	1.0	0.801368600970953	4.18770444276499	21.0
ACH-000951	1.14	0.358089884414216	1.0	0.824121481207828	4.79166184410561	26.0
ACH-000619	1.2	0.254295687181207	1.0	0.711555693565196	3.58357025860823	23.0
ACH-001194	4.28	0.151377324040014	0.0	0.310712908935421	2.03968562808167	13.0
ACH-001517	62.93	0.108408404106119	1.0	0.64122072498603	3.46906260500928	26.0
ACH-002354	0.81	0.004294580420129	0.0	0.0252526985354858	2.03382941046145	0.0
ACH-002351	1.16	0.00230515786775	0.0	0.0245952598675982	2.03619756674526	0.0
ACH-002281	1.6	0.173956281695798	0.0	0.284443850842982	2.1242029891522	6.0
ACH-001856	3.86					
ACH-001360	4.53	0.249981544609971	1.0	0.392470047754543	3.57885481277772	15.0
ACH-001688	3.66					
ACH-000220	1.4	0.190144812971805	1.0	0.394367233082754	3.20023979519755	14.0
ACH-000357	0.96					
ACH-001758	4.22					
ACH-000952	75.07	0.0325023999196338	0.0	0.0759618346539998	2.02665906844359	1.0
ACH-001496	5.07	0.256730072798027	1.0	0.365566660068485	3.72608611650101	14.0
ACH-001310	3.99	0.0039892765096034	0.0	0.0374244580153652	2.02855891738635	1.0
ACH-001028	4.8					
ACH-002099	1.03	0.341696224755004	1.0	0.644524537114559	2.95107085512433	18.0
ACH-002111	0.87	0.143197373102296	1.0	0.498719901535773	3.61255985703969	16.0
ACH-000184	1.55	0.0	0.0	0.0	1.99986716771859	0.0
ACH-000779	5.6	0.447412968187591	1.0	0.76966873470958	3.16433757732492	15.0
ACH-002133	0.71	0.17834581198882	1.0	0.598601750960274	3.34142703388618	22.0
ACH-001049	0.66	0.0891262792761039	0.0	0.265961623068573	2.18950806675286	10.0
ACH-002347	1.17	0.0057157726742342	0.0	0.0243333712629346	2.03981366383713	0.0
ACH-000942	31.5	0.0620626575238135	0.0	0.0680130361926745	1.9482556389699	2.0
ACH-001516	4.13	0.0590616023139206	0.0	0.27217884737248	2.29245877875416	11.0
ACH-000171	0.78					
ACH-000418	1.19	0.0015886053928955	0.0	0.0584833884300975	2.05499099226008	2.0
ACH-001794	2.43	0.148881942209232	1.0	0.207888948708887	4.00433908869436	8.0
ACH-002125	0.82					
ACH-000970	87.97					
ACH-001538	4.03					
ACH-000597	5.08	0.0036724630152095	0.0	0.0043710482998207	1.99647370731544	0.0
ACH-001379	3.78	0.180696882489167	0.0	0.572390083992108	2.58674940776895	24.0
ACH-001690	2.84	0.171636696554785	1.0	0.51056481296423	3.47986043059919	22.0
ACH-002225	0.77	0.237492892857633	1.0	0.726200493493912	3.30765389502838	22.0
ACH-000687	2.86	0.0014264716592485	0.0	0.0015030987815023	1.99899607425382	0.0
